arrival_ts,sequence,product,num_changes
1775324074.515018,1,BTC-USD,9
1775324075.044329,3,BTC-USD,10
1775324075.044794,4,BTC-USD,5
1775324075.044937,5,BTC-USD,3
1775324075.045054,6,BTC-USD,7
1775324075.045163,7,BTC-USD,7
1775324075.045275,8,BTC-USD,3
1775324075.0453749,9,BTC-USD,4
1775324075.045473,10,BTC-USD,1
1775324075.045569,11,BTC-USD,17
1775324075.0456781,12,BTC-USD,1
1775324075.045772,13,BTC-USD,4
1775324075.045867,14,BTC-USD,4
1775324075.045962,15,BTC-USD,3
1775324075.04607,16,BTC-USD,2
1775324075.0461628,17,BTC-USD,4
1775324075.0462809,18,BTC-USD,11
1775324075.04652,19,BTC-USD,3
1775324075.0466619,20,BTC-USD,1
1775324075.047389,21,BTC-USD,2
1775324075.047499,22,BTC-USD,16
1775324075.047611,23,BTC-USD,6
1775324075.047712,24,BTC-USD,2
1775324075.047807,25,BTC-USD,7
1775324075.0479062,26,BTC-USD,7
1775324075.0480042,27,BTC-USD,4
1775324075.048106,28,BTC-USD,3
1775324075.0498729,29,BTC-USD,6
1775324075.0642262,30,BTC-USD,10
1775324075.109927,31,BTC-USD,3
1775324075.1608279,32,BTC-USD,4
1775324075.215056,33,BTC-USD,5
1775324075.264194,34,BTC-USD,2
1775324075.312452,35,BTC-USD,10
1775324075.364455,36,BTC-USD,7
1775324075.4127061,37,BTC-USD,10
1775324075.462132,38,BTC-USD,3
1775324075.513694,39,BTC-USD,3
1775324075.564639,40,BTC-USD,12
1775324075.614941,41,BTC-USD,4
1775324075.6637938,42,BTC-USD,1
1775324075.7158022,43,BTC-USD,6
1775324075.763826,44,BTC-USD,8
1775324075.862863,45,BTC-USD,3
1775324075.9125671,46,BTC-USD,8
1775324075.95856,47,BTC-USD,1
1775324076.011701,48,BTC-USD,10
1775324076.895353,49,BTC-USD,3
1775324076.895725,50,BTC-USD,1
1775324076.895912,51,BTC-USD,7
1775324076.8975759,52,BTC-USD,10
1775324076.897791,53,BTC-USD,5
1775324076.899044,54,BTC-USD,3
1775324076.899261,55,BTC-USD,9
1775324076.900956,56,BTC-USD,5
1775324076.901729,57,BTC-USD,3
1775324076.9029288,58,BTC-USD,3
1775324076.903423,59,BTC-USD,7
1775324076.904562,60,BTC-USD,7
1775324076.907358,61,BTC-USD,1
1775324076.9075809,62,BTC-USD,5
1775324076.9077592,63,BTC-USD,2
1775324076.960911,64,BTC-USD,1
1775324077.709861,65,BTC-USD,2
1775324077.7102132,66,BTC-USD,2
1775324077.710398,67,BTC-USD,1
1775324077.710567,68,BTC-USD,2
1775324077.710735,69,BTC-USD,5
1775324077.710911,70,BTC-USD,7
1775324077.711089,71,BTC-USD,1
1775324077.7112498,72,BTC-USD,5
1775324077.711422,73,BTC-USD,5
1775324077.7115982,74,BTC-USD,8
1775324077.711786,75,BTC-USD,7
1775324077.711966,76,BTC-USD,9
1775324077.712106,77,BTC-USD,2
1775324077.76027,78,BTC-USD,1
1775324078.630419,79,BTC-USD,8
1775324078.6307871,80,BTC-USD,2
1775324078.631019,81,BTC-USD,16
1775324078.631277,82,BTC-USD,35
1775324078.631545,83,BTC-USD,10
1775324078.631742,84,BTC-USD,9
1775324078.631949,85,BTC-USD,2
1775324078.6321359,86,BTC-USD,13
1775324078.632375,87,BTC-USD,8
1775324078.632562,88,BTC-USD,6
1775324078.6327739,89,BTC-USD,8
1775324078.633006,90,BTC-USD,6
1775324078.633182,91,BTC-USD,4
1775324078.6333508,92,BTC-USD,1
1775324078.633514,93,BTC-USD,5
1775324078.661312,94,BTC-USD,3
1775324078.71327,95,BTC-USD,8
1775324078.764384,96,BTC-USD,6
1775324078.815207,97,BTC-USD,4
1775324078.915572,98,BTC-USD,3
1775324078.964394,99,BTC-USD,6
1775324079.758414,100,BTC-USD,4
1775324079.758807,101,BTC-USD,1
1775324079.75909,102,BTC-USD,9
1775324079.75931,103,BTC-USD,5
1775324079.759548,104,BTC-USD,2
1775324079.7597282,105,BTC-USD,3
1775324079.759904,106,BTC-USD,1
1775324079.760114,107,BTC-USD,3
1775324079.76035,108,BTC-USD,1
1775324079.7604978,109,BTC-USD,3
1775324079.7606301,110,BTC-USD,3
1775324079.760764,111,BTC-USD,1
1775324079.760895,112,BTC-USD,3
1775324079.761027,113,BTC-USD,8
1775324080.475845,114,BTC-USD,2
1775324080.476222,115,BTC-USD,1
1775324080.476405,116,BTC-USD,11
1775324080.47673,117,BTC-USD,1
1775324080.4769568,118,BTC-USD,3
1775324080.4771578,119,BTC-USD,2
1775324080.477342,120,BTC-USD,3
1775324080.477545,121,BTC-USD,1
1775324080.477749,122,BTC-USD,7
1775324080.477945,123,BTC-USD,1
1775324080.478092,124,BTC-USD,2
1775324080.478225,125,BTC-USD,5
1775324080.4783611,126,BTC-USD,5
1775324080.478511,127,BTC-USD,18
1775324080.5146701,128,BTC-USD,7
1775324080.564641,129,BTC-USD,7
1775324080.614146,130,BTC-USD,6
1775324080.7129579,131,BTC-USD,3
1775324080.7598689,132,BTC-USD,9
1775324080.864005,133,BTC-USD,6
1775324080.915074,134,BTC-USD,10
1775324080.961086,135,BTC-USD,2
1775324081.0142028,136,BTC-USD,12
1775324081.061385,137,BTC-USD,6
1775324081.110715,138,BTC-USD,3
1775324081.165086,139,BTC-USD,14
1775324081.214593,140,BTC-USD,15
1775324081.2652428,141,BTC-USD,7
1775324081.3114629,142,BTC-USD,3
1775324081.365132,143,BTC-USD,4
1775324081.411307,144,BTC-USD,2
1775324081.464175,145,BTC-USD,3
1775324081.5127192,146,BTC-USD,2
1775324081.560491,147,BTC-USD,1
1775324081.614049,148,BTC-USD,8
1775324081.712929,149,BTC-USD,2
1775324081.759886,150,BTC-USD,1
1775324082.5217862,151,BTC-USD,4
1775324083.442962,152,BTC-USD,1
1775324083.4432158,153,BTC-USD,3
1775324083.443351,154,BTC-USD,1
1775324083.443488,155,BTC-USD,15
1775324083.443626,156,BTC-USD,1
1775324083.44375,157,BTC-USD,5
1775324083.443857,158,BTC-USD,7
1775324083.443962,159,BTC-USD,1
1775324083.444056,160,BTC-USD,1
1775324083.444166,161,BTC-USD,4
1775324083.444279,162,BTC-USD,7
1775324083.4444108,163,BTC-USD,2
1775324083.444512,164,BTC-USD,1
1775324083.444611,165,BTC-USD,9
1775324083.444716,166,BTC-USD,31
1775324083.444862,167,BTC-USD,9
1775324083.444993,168,BTC-USD,15
1775324083.445111,169,BTC-USD,16
1775324083.4452229,170,BTC-USD,14
1775324083.445357,171,BTC-USD,12
1775324083.44549,172,BTC-USD,6
1775324083.445599,173,BTC-USD,2
1775324083.445756,174,BTC-USD,1
1775324083.445878,175,BTC-USD,3
1775324083.445977,176,BTC-USD,7
1775324083.446076,177,BTC-USD,1
1775324083.446183,178,BTC-USD,2
1775324083.464618,179,BTC-USD,6
1775324083.513725,180,BTC-USD,5
1775324083.564728,181,BTC-USD,9
1775324083.6138911,182,BTC-USD,8
1775324083.664834,183,BTC-USD,8
1775324083.714029,184,BTC-USD,8
1775324083.763957,185,BTC-USD,16
1775324083.9141471,186,BTC-USD,7
1775324083.959104,187,BTC-USD,1
1775324084.010172,188,BTC-USD,2
1775324084.876255,189,BTC-USD,15
1775324084.8764591,190,BTC-USD,5
1775324084.876566,191,BTC-USD,7
1775324084.87667,192,BTC-USD,3
1775324084.876766,193,BTC-USD,7
1775324084.876875,194,BTC-USD,4
1775324085.591317,195,BTC-USD,5
1775324086.21455,196,BTC-USD,16
1775324086.2150102,197,BTC-USD,6
1775324086.2152069,198,BTC-USD,16
1775324086.215429,199,BTC-USD,17
1775324086.2156959,200,BTC-USD,17
1775324086.215915,201,BTC-USD,6
1775324086.216185,202,BTC-USD,9
1775324086.2164102,203,BTC-USD,22
1775324086.900183,204,BTC-USD,13
1775324086.900476,205,BTC-USD,46
1775324086.9047942,206,BTC-USD,7
1775324086.905038,207,BTC-USD,6
1775324086.907094,208,BTC-USD,5
1775324086.907315,209,BTC-USD,6
1775324086.910686,210,BTC-USD,17
1775324086.9109519,211,BTC-USD,4
1775324086.9120052,212,BTC-USD,3
1775324086.912194,213,BTC-USD,4
1775324086.913623,214,BTC-USD,6
1775324086.9152262,215,BTC-USD,1
1775324086.9236999,216,BTC-USD,4
1775324086.9240189,217,BTC-USD,1
1775324086.924202,218,BTC-USD,11
1775324086.924395,219,BTC-USD,11
1775324086.924588,220,BTC-USD,3
1775324086.924754,221,BTC-USD,9
1775324086.924932,222,BTC-USD,6
1775324086.932269,223,BTC-USD,28
1775324086.9325829,224,BTC-USD,10
1775324086.932811,225,BTC-USD,6
1775324086.933035,226,BTC-USD,7
1775324086.933216,227,BTC-USD,1
1775324086.933804,228,BTC-USD,1
1775324086.933981,229,BTC-USD,4
1775324086.9401422,230,BTC-USD,4
1775324086.9404008,231,BTC-USD,1
1775324086.940537,232,BTC-USD,1
1775324086.940672,233,BTC-USD,1
1775324086.9408,234,BTC-USD,4
1775324086.941853,235,BTC-USD,1
1775324086.942005,236,BTC-USD,1
1775324086.946559,237,BTC-USD,3
1775324086.94675,238,BTC-USD,11
1775324086.946914,239,BTC-USD,2
1775324086.948072,240,BTC-USD,4
1775324086.9498491,241,BTC-USD,2
1775324086.954991,242,BTC-USD,6
1775324086.955293,243,BTC-USD,1
1775324086.955538,244,BTC-USD,1
1775324086.955713,245,BTC-USD,2
1775324086.9644108,246,BTC-USD,2
1775324087.013521,247,BTC-USD,6
1775324087.064424,248,BTC-USD,8
1775324087.114468,249,BTC-USD,15
1775324087.164459,250,BTC-USD,9
1775324087.2146509,251,BTC-USD,7
1775324087.265229,252,BTC-USD,20
1775324087.313761,253,BTC-USD,10
1775324087.363786,254,BTC-USD,5
1775324087.4140959,255,BTC-USD,3
1775324087.4647622,256,BTC-USD,5
1775324087.5149398,257,BTC-USD,7
1775324087.5636039,258,BTC-USD,4
1775324087.616168,259,BTC-USD,4
1775324087.6609821,260,BTC-USD,1
1775324087.710142,261,BTC-USD,1
1775324087.760374,262,BTC-USD,2
1775324087.814008,263,BTC-USD,6
1775324087.909939,264,BTC-USD,1
1775324087.9627242,265,BTC-USD,6
1775324088.00995,266,BTC-USD,3
1775324088.0638158,267,BTC-USD,6
1775324088.113857,268,BTC-USD,5
1775324088.1638541,269,BTC-USD,7
1775324088.214059,270,BTC-USD,3
1775324088.2641878,271,BTC-USD,7
1775324088.313361,272,BTC-USD,3
1775324088.364466,273,BTC-USD,7
1775324088.41095,274,BTC-USD,2
1775324088.4637299,275,BTC-USD,12
1775324088.514346,276,BTC-USD,18
1775324088.561615,277,BTC-USD,6
1775324088.614113,278,BTC-USD,16
1775324088.6642141,279,BTC-USD,7
1775324088.71011,280,BTC-USD,6
1775324088.765883,281,BTC-USD,9
1775324088.81218,282,BTC-USD,3
1775324088.860899,283,BTC-USD,2
1775324088.913332,284,BTC-USD,4
1775324088.9644349,285,BTC-USD,6
1775324089.0153441,286,BTC-USD,10
1775324089.0634382,287,BTC-USD,7
1775324089.114562,288,BTC-USD,5
1775324089.16609,289,BTC-USD,16
1775324089.9969769,290,BTC-USD,20
1775324089.997291,291,BTC-USD,5
1775324089.997416,292,BTC-USD,12
1775324089.9975271,293,BTC-USD,4
1775324089.997628,294,BTC-USD,70
1775324089.997809,295,BTC-USD,8
1775324089.997938,296,BTC-USD,11
1775324089.99808,297,BTC-USD,14
1775324089.998192,298,BTC-USD,15
1775324089.998335,299,BTC-USD,4
1775324089.998455,300,BTC-USD,24
1775324089.9985769,301,BTC-USD,11
1775324089.998749,302,BTC-USD,7
1775324089.998862,303,BTC-USD,7
1775324089.9989738,304,BTC-USD,6
1775324089.999188,305,BTC-USD,2
1775324090.020266,306,BTC-USD,3
1775324090.0603368,307,BTC-USD,1
1775324090.116328,308,BTC-USD,93
1775324090.1664598,309,BTC-USD,33
1775324090.21436,310,BTC-USD,21
1775324090.263534,311,BTC-USD,28
1775324090.314881,312,BTC-USD,12
1775324090.3645382,313,BTC-USD,11
1775324090.414687,314,BTC-USD,41
1775324090.463638,315,BTC-USD,22
1775324090.5125818,316,BTC-USD,9
1775324090.56368,317,BTC-USD,7
1775324090.618634,318,BTC-USD,22
1775324090.6605282,319,BTC-USD,6
1775324090.71512,320,BTC-USD,5
1775324090.758562,321,BTC-USD,1
1775324090.81465,322,BTC-USD,5
1775324090.863893,323,BTC-USD,4
1775324090.914242,324,BTC-USD,10
1775324090.96417,325,BTC-USD,3
1775324091.015669,326,BTC-USD,3
1775324091.061273,327,BTC-USD,3
1775324091.114599,328,BTC-USD,11
1775324091.165304,329,BTC-USD,12
1775324091.213651,330,BTC-USD,9
1775324091.265193,331,BTC-USD,2
1775324091.3181708,332,BTC-USD,10
1775324091.3646111,333,BTC-USD,7
1775324091.4141629,334,BTC-USD,1
1775324091.4605691,335,BTC-USD,1
1775324091.509643,336,BTC-USD,2
1775324091.560259,337,BTC-USD,2
1775324091.6147041,338,BTC-USD,4
1775324091.6626601,339,BTC-USD,1
1775324091.71389,340,BTC-USD,13
1775324091.763985,341,BTC-USD,17
1775324091.8140411,342,BTC-USD,4
1775324091.863034,343,BTC-USD,12
1775324091.91416,344,BTC-USD,4
1775324091.960175,345,BTC-USD,1
1775324092.009195,346,BTC-USD,1
1775324092.0636039,347,BTC-USD,9
1775324092.859649,348,BTC-USD,20
1775324092.859991,349,BTC-USD,3
1775324092.860457,350,BTC-USD,5
1775324092.8605819,351,BTC-USD,5
1775324092.860725,352,BTC-USD,1
1775324092.866594,353,BTC-USD,38
1775324092.8667939,354,BTC-USD,14
1775324092.8693519,355,BTC-USD,1
1775324092.870471,356,BTC-USD,10
1775324092.873845,357,BTC-USD,3
1775324092.874022,358,BTC-USD,3
1775324092.875658,359,BTC-USD,8
1775324092.877523,360,BTC-USD,2
1775324092.8800588,361,BTC-USD,38
1775324092.887139,362,BTC-USD,15
1775324092.889351,363,BTC-USD,13
1775324092.914065,364,BTC-USD,6
1775324092.9651442,365,BTC-USD,18
1775324093.015201,366,BTC-USD,6
1775324093.064418,367,BTC-USD,4
1775324093.1143198,368,BTC-USD,6
1775324093.1593878,369,BTC-USD,5
1775324093.210458,370,BTC-USD,2
1775324093.264628,371,BTC-USD,8
1775324093.314048,372,BTC-USD,2
1775324093.363549,373,BTC-USD,9
1775324093.413882,374,BTC-USD,3
1775324093.510776,375,BTC-USD,2
1775324093.563725,376,BTC-USD,7
1775324093.618697,377,BTC-USD,8
1775324093.662824,378,BTC-USD,2
1775324093.712848,379,BTC-USD,5
1775324093.764,380,BTC-USD,7
1775324093.810975,381,BTC-USD,2
1775324093.911129,382,BTC-USD,1
1775324093.963124,383,BTC-USD,2
1775324094.017632,384,BTC-USD,3
1775324094.064181,385,BTC-USD,7
1775324094.11441,386,BTC-USD,15
1775324094.163467,387,BTC-USD,6
1775324094.210346,388,BTC-USD,3
1775324094.259456,389,BTC-USD,1
1775324094.31354,390,BTC-USD,2
1775324094.364637,391,BTC-USD,3
1775324094.4129899,392,BTC-USD,5
1775324094.513671,393,BTC-USD,5
1775324094.565401,394,BTC-USD,14
1775324094.61981,395,BTC-USD,18
1775324094.665333,396,BTC-USD,7
1775324094.713911,397,BTC-USD,5
1775324094.7678761,398,BTC-USD,4
1775324094.814229,399,BTC-USD,5
1775324094.8629289,400,BTC-USD,5
1775324094.916336,401,BTC-USD,38
1775324094.9699461,402,BTC-USD,34
1775324095.0135,403,BTC-USD,13
1775324095.0599968,404,BTC-USD,3
1775324095.118782,405,BTC-USD,19
1775324095.164437,406,BTC-USD,4
1775324095.2117388,407,BTC-USD,1
1775324095.260585,408,BTC-USD,3
1775324095.310848,409,BTC-USD,1
1775324095.3663082,410,BTC-USD,5
1775324095.4137018,411,BTC-USD,12
1775324095.464072,412,BTC-USD,4
1775324095.509908,413,BTC-USD,2
1775324095.565855,414,BTC-USD,10
1775324095.614966,415,BTC-USD,14
1775324095.664299,416,BTC-USD,21
1775324095.713033,417,BTC-USD,11
1775324095.763027,418,BTC-USD,3
1775324095.8141172,419,BTC-USD,6
1775324095.865036,420,BTC-USD,4
1775324095.9146419,421,BTC-USD,12
1775324095.964246,422,BTC-USD,4
1775324096.0144289,423,BTC-USD,10
1775324096.064527,424,BTC-USD,14
1775324096.11566,425,BTC-USD,9
1775324096.1635149,426,BTC-USD,3
1775324096.264564,427,BTC-USD,16
1775324096.3144221,428,BTC-USD,2
1775324096.35985,429,BTC-USD,1
1775324096.4153411,430,BTC-USD,8
1775324096.462803,431,BTC-USD,5
1775324096.514532,432,BTC-USD,3
1775324096.5636559,433,BTC-USD,6
1775324096.6136909,434,BTC-USD,3
1775324096.662678,435,BTC-USD,3
1775324096.714912,436,BTC-USD,6
1775324096.759756,437,BTC-USD,2
1775324096.8130581,438,BTC-USD,5
1775324097.574903,439,BTC-USD,3
1775324097.575103,440,BTC-USD,2
1775324097.5752041,441,BTC-USD,1
1775324097.5753,442,BTC-USD,2
1775324097.575436,443,BTC-USD,51
1775324097.575616,444,BTC-USD,9
1775324097.575767,445,BTC-USD,5
1775324097.5758898,446,BTC-USD,16
1775324097.576003,447,BTC-USD,1
1775324097.5761,448,BTC-USD,5
1775324097.5761971,449,BTC-USD,6
1775324097.576318,450,BTC-USD,3
1775324097.57642,451,BTC-USD,6
1775324097.576544,452,BTC-USD,1
1775324097.6124659,453,BTC-USD,3
1775324097.664984,454,BTC-USD,6
1775324097.713809,455,BTC-USD,2
1775324097.764419,456,BTC-USD,4
1775324097.8156102,457,BTC-USD,10
1775324097.861019,458,BTC-USD,2
1775324097.913109,459,BTC-USD,5
1775324097.9612339,460,BTC-USD,3
1775324098.014156,461,BTC-USD,8
1775324098.063284,462,BTC-USD,11
1775324098.1137369,463,BTC-USD,14
1775324098.166003,464,BTC-USD,10
1775324098.2138891,465,BTC-USD,9
1775324098.26452,466,BTC-USD,6
1775324098.3140428,467,BTC-USD,10
1775324098.3648682,468,BTC-USD,8
1775324098.417299,469,BTC-USD,15
1775324098.465409,470,BTC-USD,8
1775324098.512011,471,BTC-USD,1
1775324098.565801,472,BTC-USD,5
1775324098.614812,473,BTC-USD,2
1775324098.663841,474,BTC-USD,4
1775324098.713877,475,BTC-USD,2
1775324098.759955,476,BTC-USD,4
1775324098.816575,477,BTC-USD,12
1775324098.860126,478,BTC-USD,1
1775324098.9107919,479,BTC-USD,2
1775324098.963284,480,BTC-USD,12
1775324099.016929,481,BTC-USD,6
1775324099.0633228,482,BTC-USD,10
1775324099.1149309,483,BTC-USD,5
1775324099.1595662,484,BTC-USD,1
1775324099.216681,485,BTC-USD,25
1775324099.2738612,486,BTC-USD,24
1775324099.319541,487,BTC-USD,13
1775324099.363625,488,BTC-USD,12
1775324099.415027,489,BTC-USD,21
1775324099.464947,490,BTC-USD,24
1775324099.514902,491,BTC-USD,13
1775324099.560776,492,BTC-USD,3
1775324099.6176362,493,BTC-USD,10
1775324099.662817,494,BTC-USD,3
1775324099.7156281,495,BTC-USD,6
1775324099.765897,496,BTC-USD,17
1775324099.814812,497,BTC-USD,8
1775324099.8636642,498,BTC-USD,10
1775324099.9157498,499,BTC-USD,15
1775324099.96273,500,BTC-USD,4
1775324100.012875,501,BTC-USD,7
1775324100.0638778,502,BTC-USD,8
1775324100.1136892,503,BTC-USD,10
1775324100.162753,504,BTC-USD,9
1775324100.2118132,505,BTC-USD,10
1775324100.263061,506,BTC-USD,6
1775324100.3142269,507,BTC-USD,15
1775324100.364183,508,BTC-USD,8
1775324100.415593,509,BTC-USD,6
1775324100.463722,510,BTC-USD,9
1775324100.513676,511,BTC-USD,11
1775324100.566695,512,BTC-USD,21
1775324100.6163561,513,BTC-USD,8
1775324100.6634161,514,BTC-USD,6
1775324100.7103438,515,BTC-USD,1
1775324100.762603,516,BTC-USD,4
1775324100.814498,517,BTC-USD,15
1775324100.864289,518,BTC-USD,6
1775324100.913654,519,BTC-USD,7
1775324100.959965,520,BTC-USD,4
1775324101.009526,521,BTC-USD,2
1775324101.060493,522,BTC-USD,1
1775324101.11566,523,BTC-USD,17
1775324101.1627898,524,BTC-USD,7
1775324101.209065,525,BTC-USD,1
1775324101.266038,526,BTC-USD,22
1775324101.315496,527,BTC-USD,10
1775324101.364577,528,BTC-USD,6
1775324101.414187,529,BTC-USD,17
1775324101.4632351,530,BTC-USD,3
1775324102.286958,531,BTC-USD,11
1775324102.2872078,532,BTC-USD,6
1775324102.287355,533,BTC-USD,15
1775324102.287509,534,BTC-USD,25
1775324102.287682,535,BTC-USD,19
1775324102.2878468,536,BTC-USD,3
1775324102.2879841,537,BTC-USD,7
1775324102.288198,538,BTC-USD,11
1775324102.2883892,539,BTC-USD,9
1775324102.2885451,540,BTC-USD,19
1775324102.2887108,541,BTC-USD,17
1775324102.288882,542,BTC-USD,5
1775324102.2890859,543,BTC-USD,20
1775324102.2892869,544,BTC-USD,6
1775324102.2894669,545,BTC-USD,4
1775324103.0878148,546,BTC-USD,4
1775324103.0879738,547,BTC-USD,15
1775324103.089016,548,BTC-USD,9
1775324103.09349,549,BTC-USD,22
1775324103.096641,550,BTC-USD,7
1775324103.0967948,551,BTC-USD,9
1775324103.099464,552,BTC-USD,10
1775324103.1024241,553,BTC-USD,6
1775324103.104612,554,BTC-USD,14
1775324103.1054358,555,BTC-USD,4
1775324103.1068,556,BTC-USD,10
1775324103.107417,557,BTC-USD,6
1775324103.1106062,558,BTC-USD,9
1775324103.110733,559,BTC-USD,3
1775324103.110833,560,BTC-USD,5
1775324103.114569,561,BTC-USD,9
1775324103.114689,562,BTC-USD,8
1775324103.117833,563,BTC-USD,17
1775324103.92358,564,BTC-USD,11
1775324103.923794,565,BTC-USD,12
1775324103.923935,566,BTC-USD,18
1775324103.924057,567,BTC-USD,9
1775324103.924167,568,BTC-USD,18
1775324103.9242969,569,BTC-USD,8
1775324103.924429,570,BTC-USD,15
1775324103.9245498,571,BTC-USD,15
1775324103.924665,572,BTC-USD,11
1775324103.924783,573,BTC-USD,4
1775324103.9248881,574,BTC-USD,11
1775324103.924997,575,BTC-USD,4
1775324103.925098,576,BTC-USD,12
1775324103.925212,577,BTC-USD,1
1775324103.925314,578,BTC-USD,1
1775324103.9254138,579,BTC-USD,2
1775324103.9635599,580,BTC-USD,4
1775324104.009703,581,BTC-USD,1
1775324104.063584,582,BTC-USD,10
1775324104.116042,583,BTC-USD,22
1775324104.164785,584,BTC-USD,20
1775324104.21397,585,BTC-USD,6
1775324104.26998,586,BTC-USD,24
1775324104.314091,587,BTC-USD,8
1775324104.3655748,588,BTC-USD,12
1775324104.414559,589,BTC-USD,8
1775324104.464705,590,BTC-USD,7
1775324104.513664,591,BTC-USD,3
1775324104.5649412,592,BTC-USD,6
1775324104.615812,593,BTC-USD,34
1775324104.6669009,594,BTC-USD,12
1775324104.715025,595,BTC-USD,4
1775324104.766309,596,BTC-USD,16
1775324104.814792,597,BTC-USD,7
1775324104.86421,598,BTC-USD,5
1775324104.9142668,599,BTC-USD,18
1775324104.965208,600,BTC-USD,4
1775324105.015174,601,BTC-USD,4
1775324105.0632389,602,BTC-USD,5
1775324105.76143,603,BTC-USD,21
1775324105.7627368,604,BTC-USD,5
1775324105.7654011,605,BTC-USD,4
1775324105.765594,606,BTC-USD,9
1775324105.766735,607,BTC-USD,1
1775324105.766866,608,BTC-USD,12
1775324105.768377,609,BTC-USD,21
1775324105.772065,610,BTC-USD,7
1775324105.77341,611,BTC-USD,10
1775324105.7766871,612,BTC-USD,4
1775324105.778079,613,BTC-USD,7
1775324105.7786,614,BTC-USD,20
1775324105.7813718,615,BTC-USD,3
1775324105.782629,616,BTC-USD,9
1775324105.8134952,617,BTC-USD,6
1775324105.9152799,618,BTC-USD,21
1775324105.966691,619,BTC-USD,10
1775324106.013978,620,BTC-USD,6
1775324106.081804,621,BTC-USD,15
1775324106.109726,622,BTC-USD,4
1775324106.1648,623,BTC-USD,20
1775324106.212981,624,BTC-USD,7
1775324106.264055,625,BTC-USD,12
1775324107.09526,626,BTC-USD,15
1775324107.713503,627,BTC-USD,1
1775324107.7209458,628,BTC-USD,3
1775324107.722649,629,BTC-USD,3
1775324107.722881,630,BTC-USD,12
1775324107.723084,631,BTC-USD,8
1775324107.7232919,632,BTC-USD,1
1775324107.7235148,633,BTC-USD,8
1775324107.723618,634,BTC-USD,14
1775324107.7310421,635,BTC-USD,5
1775324107.735817,636,BTC-USD,4
1775324107.735978,637,BTC-USD,14
1775324107.7361128,638,BTC-USD,19
1775324107.7362618,639,BTC-USD,1
1775324107.736386,640,BTC-USD,5
1775324107.736493,641,BTC-USD,5
1775324107.736601,642,BTC-USD,19
1775324107.737037,643,BTC-USD,15
1775324107.7412648,644,BTC-USD,7
1775324107.7413719,645,BTC-USD,2
1775324107.7422159,646,BTC-USD,14
1775324107.742282,647,BTC-USD,12
1775324107.744995,648,BTC-USD,3
1775324107.745099,649,BTC-USD,13
1775324107.7473211,650,BTC-USD,10
1775324107.748342,651,BTC-USD,12
1775324107.752311,652,BTC-USD,11
1775324107.752474,653,BTC-USD,8
1775324107.753741,654,BTC-USD,2
1775324107.7633688,655,BTC-USD,9
1775324107.815267,656,BTC-USD,5
1775324107.913301,657,BTC-USD,9
1775324107.965145,658,BTC-USD,10
1775324108.0098119,659,BTC-USD,1
1775324108.062835,660,BTC-USD,9
1775324108.1174002,661,BTC-USD,13
1775324108.1638348,662,BTC-USD,6
1775324108.2139142,663,BTC-USD,13
1775324108.2602491,664,BTC-USD,2
1775324108.3131368,665,BTC-USD,8
1775324108.360466,666,BTC-USD,1
1775324108.413345,667,BTC-USD,3
1775324109.204451,668,BTC-USD,1
1775324109.2047381,669,BTC-USD,11
1775324109.204917,670,BTC-USD,21
1775324109.205088,671,BTC-USD,1
1775324109.205214,672,BTC-USD,8
1775324109.20535,673,BTC-USD,38
1775324109.205497,674,BTC-USD,13
1775324109.205624,675,BTC-USD,10
1775324109.205778,676,BTC-USD,32
1775324109.2059038,677,BTC-USD,19
1775324109.206018,678,BTC-USD,4
1775324109.206114,679,BTC-USD,33
1775324109.206235,680,BTC-USD,13
1775324109.2063549,681,BTC-USD,42
1775324109.2065449,682,BTC-USD,11
1775324109.214164,683,BTC-USD,9
1775324109.260467,684,BTC-USD,3
1775324109.3134851,685,BTC-USD,4
1775324109.363552,686,BTC-USD,6
1775324109.4135559,687,BTC-USD,14
1775324109.496662,688,BTC-USD,38
1775324109.559767,689,BTC-USD,84
1775324109.598763,690,BTC-USD,6
1775324109.61981,691,BTC-USD,25
1775324109.6668942,692,BTC-USD,61
1775324109.716021,693,BTC-USD,45
1775324109.7669618,694,BTC-USD,47
1775324109.820948,695,BTC-USD,29
1775324109.8668501,696,BTC-USD,24
1775324109.914987,697,BTC-USD,5
1775324109.968396,698,BTC-USD,18
1775324110.015163,699,BTC-USD,2
1775324110.065654,700,BTC-USD,1
1775324110.1153762,701,BTC-USD,15
1775324110.171117,702,BTC-USD,91
1775324110.2151082,703,BTC-USD,18
1775324110.276609,704,BTC-USD,31
1775324110.314487,705,BTC-USD,13
1775324110.359466,706,BTC-USD,2
1775324110.413536,707,BTC-USD,9
1775324110.4636312,708,BTC-USD,8
1775324110.5137112,709,BTC-USD,5
1775324110.563678,710,BTC-USD,7
1775324110.6298938,711,BTC-USD,140
1775324110.664782,712,BTC-USD,23
1775324110.7138638,713,BTC-USD,40
1775324110.764995,714,BTC-USD,21
1775324110.812962,715,BTC-USD,8
1775324110.8629,716,BTC-USD,7
1775324110.914437,717,BTC-USD,12
1775324110.964108,718,BTC-USD,13
1775324111.016118,719,BTC-USD,12
1775324111.114271,720,BTC-USD,15
1775324111.1654332,721,BTC-USD,19
1775324111.264588,722,BTC-USD,11
1775324111.3145201,723,BTC-USD,20
1775324111.363968,724,BTC-USD,14
1775324111.414138,725,BTC-USD,14
1775324111.462522,726,BTC-USD,6
1775324111.515705,727,BTC-USD,13
1775324111.5657642,728,BTC-USD,10
1775324111.616846,729,BTC-USD,8
1775324111.6637921,730,BTC-USD,8
1775324111.721718,731,BTC-USD,12
1775324111.761591,732,BTC-USD,1
1775324111.814353,733,BTC-USD,9
1775324111.866579,734,BTC-USD,10
1775324111.915688,735,BTC-USD,2
1775324111.9635441,736,BTC-USD,8
1775324112.013678,737,BTC-USD,3
1775324112.063731,738,BTC-USD,22
1775324112.113788,739,BTC-USD,9
1775324112.1627378,740,BTC-USD,10
1775324112.212778,741,BTC-USD,1
1775324112.2598379,742,BTC-USD,2
1775324112.3154109,743,BTC-USD,16
1775324112.364444,744,BTC-USD,2
1775324112.41846,745,BTC-USD,16
1775324112.463403,746,BTC-USD,3
1775324112.5149188,747,BTC-USD,10
1775324112.566746,748,BTC-USD,13
1775324112.61483,749,BTC-USD,9
1775324112.664097,750,BTC-USD,9
1775324112.7148921,751,BTC-USD,12
1775324112.76385,752,BTC-USD,13
1775324113.5499089,753,BTC-USD,8
1775324113.550188,754,BTC-USD,2
1775324113.550327,755,BTC-USD,7
1775324113.550452,756,BTC-USD,1
1775324113.550551,757,BTC-USD,12
1775324113.5506592,758,BTC-USD,5
1775324113.55076,759,BTC-USD,1
1775324113.550891,760,BTC-USD,14
1775324113.5510468,761,BTC-USD,13
1775324113.551157,762,BTC-USD,36
1775324113.5512938,763,BTC-USD,2
1775324113.5514,764,BTC-USD,13
1775324113.55153,765,BTC-USD,15
1775324113.564867,766,BTC-USD,8
1775324113.6165938,767,BTC-USD,3
1775324113.665587,768,BTC-USD,4
1775324113.7141728,769,BTC-USD,7
1775324113.764243,770,BTC-USD,11
1775324113.815043,771,BTC-USD,5
1775324113.860951,772,BTC-USD,2
1775324113.9157481,773,BTC-USD,9
1775324113.967017,774,BTC-USD,14
1775324114.0160582,775,BTC-USD,10
1775324114.06606,776,BTC-USD,19
1775324114.113581,777,BTC-USD,7
1775324114.160565,778,BTC-USD,1
1775324114.213026,779,BTC-USD,1
1775324114.2679691,780,BTC-USD,4
1775324114.314307,781,BTC-USD,2
1775324114.364249,782,BTC-USD,5
1775324114.410955,783,BTC-USD,1
1775324114.459766,784,BTC-USD,1
1775324114.515562,785,BTC-USD,6
1775324114.5609071,786,BTC-USD,2
1775324114.615093,787,BTC-USD,4
1775324114.6652238,788,BTC-USD,3
1775324114.714229,789,BTC-USD,4
1775324114.761191,790,BTC-USD,2
1775324114.816569,791,BTC-USD,2
1775324114.8661602,792,BTC-USD,2
1775324114.914287,793,BTC-USD,8
1775324114.96337,794,BTC-USD,2
1775324115.014316,795,BTC-USD,6
1775324115.8021061,796,BTC-USD,5
1775324115.802469,797,BTC-USD,9
1775324115.802708,798,BTC-USD,3
1775324115.802969,799,BTC-USD,6
1775324115.803207,800,BTC-USD,5
1775324115.803396,801,BTC-USD,5
1775324115.8036458,802,BTC-USD,30
1775324115.803882,803,BTC-USD,4
1775324115.8040571,804,BTC-USD,2
1775324115.80423,805,BTC-USD,13
1775324115.8044171,806,BTC-USD,4
1775324115.8045921,807,BTC-USD,7
1775324115.804745,808,BTC-USD,1
1775324115.804943,809,BTC-USD,2
1775324115.8051178,810,BTC-USD,10
1775324115.8149319,811,BTC-USD,8
1775324115.86285,812,BTC-USD,10
1775324115.914073,813,BTC-USD,3
1775324115.964412,814,BTC-USD,3
1775324116.013304,815,BTC-USD,10
1775324116.061549,816,BTC-USD,6
1775324116.116182,817,BTC-USD,13
1775324116.165699,818,BTC-USD,10
1775324116.215853,819,BTC-USD,9
1775324116.2634602,820,BTC-USD,8
1775324116.311436,821,BTC-USD,3
1775324116.363936,822,BTC-USD,9
1775324116.413024,823,BTC-USD,2
1775324116.4607859,824,BTC-USD,1
1775324116.516167,825,BTC-USD,8
1775324116.565342,826,BTC-USD,7
1775324116.617911,827,BTC-USD,13
1775324116.665375,828,BTC-USD,7
1775324116.713033,829,BTC-USD,4
1775324116.7600698,830,BTC-USD,2
1775324116.8154502,831,BTC-USD,10
1775324116.865789,832,BTC-USD,5
1775324117.64689,833,BTC-USD,10
1775324117.647273,834,BTC-USD,11
1775324117.647434,835,BTC-USD,6
1775324117.647566,836,BTC-USD,2
1775324117.647685,837,BTC-USD,16
1775324117.64781,838,BTC-USD,13
1775324117.647927,839,BTC-USD,10
1775324117.648096,840,BTC-USD,6
1775324117.648252,841,BTC-USD,2
1775324117.648363,842,BTC-USD,5
1775324117.648473,843,BTC-USD,7
1775324117.648586,844,BTC-USD,1
1775324117.6487858,845,BTC-USD,4
1775324117.64892,846,BTC-USD,8
1775324117.649079,847,BTC-USD,4
1775324117.66386,848,BTC-USD,6
1775324117.713822,849,BTC-USD,8
1775324117.764796,850,BTC-USD,2
1775324117.815934,851,BTC-USD,4
1775324117.865314,852,BTC-USD,16
1775324117.9145799,853,BTC-USD,9
1775324117.964132,854,BTC-USD,6
1775324118.013202,855,BTC-USD,2
1775324118.060826,856,BTC-USD,1
1775324118.114584,857,BTC-USD,7
1775324118.164393,858,BTC-USD,5
1775324118.211447,859,BTC-USD,2
1775324118.265378,860,BTC-USD,7
1775324118.313559,861,BTC-USD,13
1775324118.365473,862,BTC-USD,5
1775324118.4178839,863,BTC-USD,12
1775324118.465942,864,BTC-USD,6
1775324118.5174432,865,BTC-USD,5
1775324118.5620391,866,BTC-USD,2
1775324118.6238651,867,BTC-USD,97
1775324118.6648479,868,BTC-USD,2
1775324118.716916,869,BTC-USD,35
1775324118.767838,870,BTC-USD,20
1775324118.8390038,871,BTC-USD,31
1775324118.879076,872,BTC-USD,53
1775324118.931027,873,BTC-USD,39
1775324119.000237,874,BTC-USD,198
1775324119.028234,875,BTC-USD,49
1775324119.083709,876,BTC-USD,92
1775324119.1467772,877,BTC-USD,136
1775324119.175532,878,BTC-USD,49
1775324119.227807,879,BTC-USD,21
1775324119.266461,880,BTC-USD,34
1775324119.314591,881,BTC-USD,22
1775324119.3646069,882,BTC-USD,32
1775324119.41782,883,BTC-USD,50
1775324119.464637,884,BTC-USD,81
1775324119.513727,885,BTC-USD,24
1775324119.566802,886,BTC-USD,32
1775324119.615834,887,BTC-USD,37
1775324119.895668,888,BTC-USD,117
1775324119.916019,889,BTC-USD,22
1775324119.966395,890,BTC-USD,9
1775324120.015404,891,BTC-USD,7
1775324120.0659351,892,BTC-USD,2
1775324120.1199381,893,BTC-USD,38
1775324120.167199,894,BTC-USD,29
1775324120.214476,895,BTC-USD,26
1775324120.2641091,896,BTC-USD,19
1775324120.314507,897,BTC-USD,11
1775324120.366666,898,BTC-USD,47
1775324120.416521,899,BTC-USD,105
1775324120.46449,900,BTC-USD,15
1775324120.6687932,901,BTC-USD,73
1775324120.7197719,902,BTC-USD,96
1775324120.764556,903,BTC-USD,11
1775324120.8218188,904,BTC-USD,30
1775324120.861702,905,BTC-USD,7
1775324120.914082,906,BTC-USD,17
1775324120.964025,907,BTC-USD,15
1775324121.012197,908,BTC-USD,1
1775324121.064249,909,BTC-USD,20
1775324121.115226,910,BTC-USD,20
1775324121.16767,911,BTC-USD,22
1775324121.214442,912,BTC-USD,17
1775324121.267425,913,BTC-USD,36
1775324121.3144279,914,BTC-USD,9
1775324121.365558,915,BTC-USD,16
1775324121.417522,916,BTC-USD,30
1775324121.464386,917,BTC-USD,16
1775324121.5177999,918,BTC-USD,36
1775324121.564472,919,BTC-USD,7
1775324121.616002,920,BTC-USD,43
1775324121.6687942,921,BTC-USD,57
1775324121.72144,922,BTC-USD,12
1775324121.763909,923,BTC-USD,7
1775324121.816024,924,BTC-USD,15
1775324121.8662531,925,BTC-USD,7
1775324121.913583,926,BTC-USD,15
1775324121.9647748,927,BTC-USD,16
1775324122.0136151,928,BTC-USD,8
1775324122.0651379,929,BTC-USD,12
1775324122.11475,930,BTC-USD,8
1775324122.161943,931,BTC-USD,1
1775324122.214529,932,BTC-USD,11
1775324122.264197,933,BTC-USD,7
1775324123.0731452,934,BTC-USD,15
1775324123.0736399,935,BTC-USD,13
1775324123.073885,936,BTC-USD,9
1775324123.0741508,937,BTC-USD,3
1775324123.074377,938,BTC-USD,18
1775324123.074593,939,BTC-USD,7
1775324123.074794,940,BTC-USD,10
1775324123.07498,941,BTC-USD,9
1775324123.075161,942,BTC-USD,8
1775324123.075337,943,BTC-USD,14
1775324123.0755541,944,BTC-USD,20
1775324123.0757818,945,BTC-USD,22
1775324123.075955,946,BTC-USD,30
1775324123.0761302,947,BTC-USD,20
1775324123.0762932,948,BTC-USD,2
1775324123.114571,949,BTC-USD,3
1775324123.1655738,950,BTC-USD,6
1775324123.214581,951,BTC-USD,2
1775324123.265721,952,BTC-USD,37
1775324123.3147671,953,BTC-USD,8
1775324123.363888,954,BTC-USD,11
1775324123.413791,955,BTC-USD,6
1775324123.512678,956,BTC-USD,3
1775324123.567998,957,BTC-USD,9
1775324123.616023,958,BTC-USD,7
1775324123.66517,959,BTC-USD,8
1775324123.715126,960,BTC-USD,5
1775324123.7642581,961,BTC-USD,4
1775324123.814194,962,BTC-USD,6
1775324123.866019,963,BTC-USD,15
1775324123.911215,964,BTC-USD,1
1775324123.965728,965,BTC-USD,2
1775324124.015764,966,BTC-USD,23
1775324124.06345,967,BTC-USD,4
1775324124.115191,968,BTC-USD,7
1775324124.166985,969,BTC-USD,14
1775324124.2136729,970,BTC-USD,5
1775324124.263478,971,BTC-USD,6
1775324124.31371,972,BTC-USD,1
1775324124.363405,973,BTC-USD,15
1775324124.4137652,974,BTC-USD,18
1775324124.4608169,975,BTC-USD,2
1775324124.5139542,976,BTC-USD,10
1775324125.200716,977,BTC-USD,3
1775324125.202322,978,BTC-USD,19
1775324125.2073998,979,BTC-USD,19
1775324125.207683,980,BTC-USD,5
1775324125.2092428,981,BTC-USD,5
1775324125.209462,982,BTC-USD,12
1775324125.210884,983,BTC-USD,4
1775324125.21181,984,BTC-USD,6
1775324125.2160141,985,BTC-USD,14
1775324125.2162318,986,BTC-USD,5
1775324125.218723,987,BTC-USD,21
1775324125.223215,988,BTC-USD,4
1775324125.224191,989,BTC-USD,5
1775324125.263828,990,BTC-USD,5
1775324125.313662,991,BTC-USD,2
1775324125.364094,992,BTC-USD,5
1775324125.463858,993,BTC-USD,2
1775324125.5126112,994,BTC-USD,3
1775324125.564327,995,BTC-USD,5
1775324126.452182,996,BTC-USD,7
1775324126.4523861,997,BTC-USD,16
1775324126.452505,998,BTC-USD,10
1775324126.452613,999,BTC-USD,8
1775324126.452716,1000,BTC-USD,10
1775324126.452846,1001,BTC-USD,9
1775324126.4530208,1002,BTC-USD,8
1775324126.4531589,1003,BTC-USD,3
1775324126.453289,1004,BTC-USD,4
1775324126.4533918,1005,BTC-USD,13
1775324126.4534981,1006,BTC-USD,12
1775324126.453604,1007,BTC-USD,3
1775324126.453794,1008,BTC-USD,10
1775324126.453899,1009,BTC-USD,7
1775324126.453999,1010,BTC-USD,4
1775324126.4541178,1011,BTC-USD,6
1775324126.454256,1012,BTC-USD,14
1775324126.461448,1013,BTC-USD,1
1775324126.514653,1014,BTC-USD,2
1775324126.566026,1015,BTC-USD,7
1775324126.6142259,1016,BTC-USD,13
1775324126.668303,1017,BTC-USD,25
1775324126.713303,1018,BTC-USD,22
1775324126.765949,1019,BTC-USD,19
1775324126.8099682,1020,BTC-USD,1
1775324126.863105,1021,BTC-USD,5
1775324126.9110641,1022,BTC-USD,3
1775324126.964724,1023,BTC-USD,4
1775324127.010131,1024,BTC-USD,1
1775324127.06161,1025,BTC-USD,1
1775324127.1147678,1026,BTC-USD,8
1775324127.1620858,1027,BTC-USD,3
1775324127.214582,1028,BTC-USD,6
1775324127.2665138,1029,BTC-USD,16
1775324127.985868,1030,BTC-USD,11
1775324128.7021928,1031,BTC-USD,1
1775324129.375446,1032,BTC-USD,10
1775324129.377151,1033,BTC-USD,1
1775324129.377276,1034,BTC-USD,5
1775324129.3790798,1035,BTC-USD,2
1775324129.379231,1036,BTC-USD,8
1775324129.381275,1037,BTC-USD,3
1775324129.3815858,1038,BTC-USD,7
1775324129.383334,1039,BTC-USD,1
1775324129.3834682,1040,BTC-USD,6
1775324129.385153,1041,BTC-USD,1
1775324129.385292,1042,BTC-USD,1
1775324129.385885,1043,BTC-USD,11
1775324129.389478,1044,BTC-USD,9
1775324129.389817,1045,BTC-USD,7
1775324129.395689,1046,BTC-USD,7
1775324129.395874,1047,BTC-USD,19
1775324129.396024,1048,BTC-USD,26
1775324129.397144,1049,BTC-USD,8
1775324129.399468,1050,BTC-USD,11
1775324129.4011352,1051,BTC-USD,5
1775324129.401979,1052,BTC-USD,6
1775324129.406187,1053,BTC-USD,1
1775324129.4063308,1054,BTC-USD,9
1775324129.406469,1055,BTC-USD,6
1775324129.4081438,1056,BTC-USD,5
1775324129.408291,1057,BTC-USD,9
1775324129.410336,1058,BTC-USD,3
1775324129.411434,1059,BTC-USD,5
1775324129.4171698,1060,BTC-USD,11
1775324129.418615,1061,BTC-USD,1
1775324129.418748,1062,BTC-USD,6
1775324129.418872,1063,BTC-USD,5
1775324129.418992,1064,BTC-USD,11
1775324129.4232519,1065,BTC-USD,28
1775324129.425208,1066,BTC-USD,18
1775324129.42538,1067,BTC-USD,6
1775324129.4299588,1068,BTC-USD,46
1775324129.465464,1069,BTC-USD,10
1775324129.5146,1070,BTC-USD,15
1775324129.563711,1071,BTC-USD,23
1775324129.615788,1072,BTC-USD,9
1775324129.715724,1073,BTC-USD,6
1775324129.7715929,1074,BTC-USD,23
1775324129.813864,1075,BTC-USD,15
1775324129.868363,1076,BTC-USD,5
1775324130.650134,1077,BTC-USD,8
1775324130.650527,1078,BTC-USD,2
1775324130.650795,1079,BTC-USD,8
1775324130.6509519,1080,BTC-USD,1
1775324130.651087,1081,BTC-USD,12
1775324130.6512341,1082,BTC-USD,10
1775324130.651388,1083,BTC-USD,6
1775324130.651528,1084,BTC-USD,8
1775324130.651666,1085,BTC-USD,36
1775324130.651856,1086,BTC-USD,5
1775324130.651995,1087,BTC-USD,16
1775324130.652163,1088,BTC-USD,11
1775324130.65236,1089,BTC-USD,4
1775324130.6525,1090,BTC-USD,15
1775324130.6526668,1091,BTC-USD,41
1775324130.6618528,1092,BTC-USD,3
1775324130.7145898,1093,BTC-USD,16
1775324130.766154,1094,BTC-USD,8
1775324130.813748,1095,BTC-USD,4
1775324130.8627388,1096,BTC-USD,13
1775324130.9154172,1097,BTC-USD,21
1775324130.963924,1098,BTC-USD,20
1775324131.017997,1099,BTC-USD,97
1775324131.074116,1100,BTC-USD,184
1775324131.1142569,1101,BTC-USD,61
1775324131.163897,1102,BTC-USD,66
1775324131.215326,1103,BTC-USD,35
1775324131.2678971,1104,BTC-USD,24
1775324131.316256,1105,BTC-USD,53
1775324131.36556,1106,BTC-USD,20
1775324131.414398,1107,BTC-USD,7
1775324131.4660401,1108,BTC-USD,18
1775324131.513891,1109,BTC-USD,12
1775324131.5753548,1110,BTC-USD,5
1775324131.613469,1111,BTC-USD,5
1775324131.664907,1112,BTC-USD,3
1775324131.715404,1113,BTC-USD,5
1775324131.764673,1114,BTC-USD,10
1775324131.816502,1115,BTC-USD,21
1775324131.865366,1116,BTC-USD,11
1775324131.915201,1117,BTC-USD,14
1775324131.964036,1118,BTC-USD,6
1775324132.014081,1119,BTC-USD,4
1775324132.731107,1120,BTC-USD,2
1775324132.731492,1121,BTC-USD,21
1775324133.428172,1122,BTC-USD,12
1775324133.4284742,1123,BTC-USD,4
1775324133.429002,1124,BTC-USD,12
1775324133.4291499,1125,BTC-USD,6
1775324133.43418,1126,BTC-USD,8
1775324133.434361,1127,BTC-USD,10
1775324133.435866,1128,BTC-USD,10
1775324133.437578,1129,BTC-USD,3
1775324133.4389288,1130,BTC-USD,10
1775324133.439072,1131,BTC-USD,7
1775324133.4430778,1132,BTC-USD,47
1775324133.455702,1133,BTC-USD,161
1775324133.464225,1134,BTC-USD,32
1775324133.466014,1135,BTC-USD,32
1775324133.467857,1136,BTC-USD,40
1775324133.473239,1137,BTC-USD,16
1775324133.4734342,1138,BTC-USD,13
1775324133.476108,1139,BTC-USD,11
1775324133.4790232,1140,BTC-USD,4
1775324133.4791749,1141,BTC-USD,18
1775324133.481397,1142,BTC-USD,18
1775324133.486232,1143,BTC-USD,28
1775324133.4876952,1144,BTC-USD,10
1775324133.4886022,1145,BTC-USD,14
1775324133.492112,1146,BTC-USD,20
1775324133.493622,1147,BTC-USD,5
1775324133.494142,1148,BTC-USD,5
1775324133.5146618,1149,BTC-USD,9
1775324133.564888,1150,BTC-USD,15
1775324133.6151,1151,BTC-USD,6
1775324133.6735601,1152,BTC-USD,3
1775324133.7219079,1153,BTC-USD,49
1775324133.7734132,1154,BTC-USD,75
1775324133.8219972,1155,BTC-USD,23
1775324133.86549,1156,BTC-USD,34
1775324133.916852,1157,BTC-USD,26
1775324133.9670908,1158,BTC-USD,12
1775324134.016223,1159,BTC-USD,9
1775324134.067528,1160,BTC-USD,14
1775324134.1171682,1161,BTC-USD,17
1775324134.161249,1162,BTC-USD,6
1775324134.2134132,1163,BTC-USD,8
1775324134.26336,1164,BTC-USD,12
1775324134.313354,1165,BTC-USD,8
1775324134.3704891,1166,BTC-USD,3
1775324134.415019,1167,BTC-USD,16
1775324134.467075,1168,BTC-USD,12
1775324134.5148642,1169,BTC-USD,6
1775324134.565019,1170,BTC-USD,5
1775324134.614975,1171,BTC-USD,7
1775324134.660762,1172,BTC-USD,6
1775324134.714895,1173,BTC-USD,15
1775324134.763952,1174,BTC-USD,11
1775324134.814019,1175,BTC-USD,9
1775324134.865043,1176,BTC-USD,13
1775324134.9148018,1177,BTC-USD,17
1775324134.964566,1178,BTC-USD,17
1775324135.0141308,1179,BTC-USD,11
1775324135.064275,1180,BTC-USD,4
1775324135.1141481,1181,BTC-USD,20
1775324135.164171,1182,BTC-USD,11
1775324135.2145002,1183,BTC-USD,20
1775324135.266269,1184,BTC-USD,4
1775324135.315167,1185,BTC-USD,3
1775324135.364542,1186,BTC-USD,10
1775324135.415586,1187,BTC-USD,9
1775324135.464608,1188,BTC-USD,4
1775324135.521153,1189,BTC-USD,12
1775324135.56401,1190,BTC-USD,9
1775324135.615156,1191,BTC-USD,10
1775324135.663745,1192,BTC-USD,6
1775324135.714907,1193,BTC-USD,14
1775324135.766287,1194,BTC-USD,7
1775324135.813845,1195,BTC-USD,11
1775324135.865988,1196,BTC-USD,10
1775324135.913367,1197,BTC-USD,5
1775324135.9640682,1198,BTC-USD,6
1775324136.014466,1199,BTC-USD,9
1775324136.064704,1200,BTC-USD,5
1775324136.113483,1201,BTC-USD,6
1775324136.164136,1202,BTC-USD,9
1775324136.213126,1203,BTC-USD,10
1775324136.263492,1204,BTC-USD,8
1775324136.3154309,1205,BTC-USD,13
1775324136.3645382,1206,BTC-USD,8
1775324136.4155278,1207,BTC-USD,7
1775324136.464579,1208,BTC-USD,7
1775324136.515282,1209,BTC-USD,5
1775324136.566262,1210,BTC-USD,8
1775324136.618305,1211,BTC-USD,34
1775324136.665041,1212,BTC-USD,23
1775324136.713944,1213,BTC-USD,10
1775324136.766191,1214,BTC-USD,21
1775324136.814614,1215,BTC-USD,11
1775324136.863641,1216,BTC-USD,8
1775324136.914707,1217,BTC-USD,11
1775324136.963775,1218,BTC-USD,6
1775324137.013803,1219,BTC-USD,6
1775324137.818805,1220,BTC-USD,9
1775324137.819177,1221,BTC-USD,28
1775324137.8194292,1222,BTC-USD,14
1775324137.819673,1223,BTC-USD,13
1775324137.819916,1224,BTC-USD,7
1775324137.8201091,1225,BTC-USD,4
1775324137.8202848,1226,BTC-USD,7
1775324137.820461,1227,BTC-USD,5
1775324137.8206332,1228,BTC-USD,7
1775324137.820811,1229,BTC-USD,9
1775324137.820993,1230,BTC-USD,2
1775324137.821175,1231,BTC-USD,4
1775324137.821366,1232,BTC-USD,4
1775324137.8215501,1233,BTC-USD,3
1775324137.821693,1234,BTC-USD,13
1775324137.821801,1235,BTC-USD,1
1775324137.917656,1236,BTC-USD,3
1775324137.972539,1237,BTC-USD,9
1775324138.0150201,1238,BTC-USD,10
1775324138.06544,1239,BTC-USD,10
1775324138.117526,1240,BTC-USD,28
1775324138.165465,1241,BTC-USD,20
1775324138.213242,1242,BTC-USD,8
1775324138.264822,1243,BTC-USD,4
1775324138.31444,1244,BTC-USD,14
1775324138.365498,1245,BTC-USD,8
1775324138.464758,1246,BTC-USD,7
1775324138.5136042,1247,BTC-USD,21
1775324138.564971,1248,BTC-USD,6
1775324138.613729,1249,BTC-USD,7
1775324138.713901,1250,BTC-USD,12
1775324138.764798,1251,BTC-USD,4
1775324138.815883,1252,BTC-USD,8
1775324138.865969,1253,BTC-USD,22
1775324138.916061,1254,BTC-USD,8
1775324139.661282,1255,BTC-USD,4
1775324140.383863,1256,BTC-USD,2
1775324140.3841212,1257,BTC-USD,4
1775324140.384223,1258,BTC-USD,11
1775324140.3843331,1259,BTC-USD,6
1775324140.384436,1260,BTC-USD,3
1775324140.384533,1261,BTC-USD,4
1775324140.384628,1262,BTC-USD,10
1775324140.384759,1263,BTC-USD,9
1775324140.3848808,1264,BTC-USD,8
1775324140.3849869,1265,BTC-USD,1
1775324140.3850849,1266,BTC-USD,6
1775324140.385184,1267,BTC-USD,5
1775324140.385282,1268,BTC-USD,12
1775324140.3853881,1269,BTC-USD,19
1775324140.3855271,1270,BTC-USD,13
1775324140.385674,1271,BTC-USD,7
1775324140.385806,1272,BTC-USD,10
1775324140.385935,1273,BTC-USD,19
1775324140.3861032,1274,BTC-USD,3
1775324140.3862321,1275,BTC-USD,10
1775324140.3863418,1276,BTC-USD,1
1775324140.3864388,1277,BTC-USD,10
1775324140.386558,1278,BTC-USD,12
1775324140.386713,1279,BTC-USD,6
1775324140.386815,1280,BTC-USD,12
1775324140.3869178,1281,BTC-USD,8
1775324140.387019,1282,BTC-USD,3
1775324140.3871129,1283,BTC-USD,18
1775324140.410462,1284,BTC-USD,1
1775324141.1982489,1285,BTC-USD,2
1775324141.1985269,1286,BTC-USD,5
1775324141.198667,1287,BTC-USD,2
1775324141.198772,1288,BTC-USD,4
1775324141.19889,1289,BTC-USD,6
1775324141.198991,1290,BTC-USD,4
1775324141.19909,1291,BTC-USD,1
1775324141.1992161,1292,BTC-USD,13
1775324141.1993291,1293,BTC-USD,5
1775324141.19943,1294,BTC-USD,5
1775324141.199527,1295,BTC-USD,7
1775324141.199627,1296,BTC-USD,2
1775324141.1997209,1297,BTC-USD,19
1775324141.199832,1298,BTC-USD,8
1775324141.2135,1299,BTC-USD,6
1775324141.264051,1300,BTC-USD,17
1775324141.313421,1301,BTC-USD,7
1775324141.364465,1302,BTC-USD,15
1775324141.41435,1303,BTC-USD,7
1775324141.464254,1304,BTC-USD,4
1775324141.513667,1305,BTC-USD,11
1775324141.566665,1306,BTC-USD,7
1775324141.6130402,1307,BTC-USD,2
1775324141.664932,1308,BTC-USD,3
1775324141.7158568,1309,BTC-USD,10
1775324141.76394,1310,BTC-USD,8
1775324141.813601,1311,BTC-USD,8
1775324141.862943,1312,BTC-USD,7
1775324141.915637,1313,BTC-USD,9
1775324141.9630568,1314,BTC-USD,6
1775324142.067183,1315,BTC-USD,9
1775324142.115159,1316,BTC-USD,12
1775324142.166123,1317,BTC-USD,7
1775324142.213218,1318,BTC-USD,11
1775324142.263412,1319,BTC-USD,12
1775324142.314372,1320,BTC-USD,6
1775324142.363422,1321,BTC-USD,6
1775324142.413486,1322,BTC-USD,4
1775324142.4635131,1323,BTC-USD,9
1775324142.514611,1324,BTC-USD,7
1775324142.5666611,1325,BTC-USD,6
1775324142.621046,1326,BTC-USD,6
1775324142.6607301,1327,BTC-USD,3
1775324142.714804,1328,BTC-USD,11
1775324142.763872,1329,BTC-USD,9
1775324142.864002,1330,BTC-USD,5
1775324142.91461,1331,BTC-USD,9
1775324142.965249,1332,BTC-USD,5
1775324143.014498,1333,BTC-USD,2
1775324143.065065,1334,BTC-USD,8
1775324143.115884,1335,BTC-USD,15
1775324143.1645498,1336,BTC-USD,4
1775324143.2133708,1337,BTC-USD,4
1775324143.26339,1338,BTC-USD,14
1775324143.3144069,1339,BTC-USD,9
1775324143.365922,1340,BTC-USD,11
1775324143.413823,1341,BTC-USD,6
1775324143.461758,1342,BTC-USD,1
1775324143.513973,1343,BTC-USD,31
1775324143.565999,1344,BTC-USD,21
1775324143.615125,1345,BTC-USD,22
1775324143.663938,1346,BTC-USD,7
1775324143.7160661,1347,BTC-USD,9
1775324143.766113,1348,BTC-USD,4
1775324143.816382,1349,BTC-USD,8
1775324143.86527,1350,BTC-USD,7
1775324143.915251,1351,BTC-USD,18
1775324143.971678,1352,BTC-USD,20
1775324144.014444,1353,BTC-USD,10
1775324144.115489,1354,BTC-USD,23
1775324144.1775239,1355,BTC-USD,2
1775324144.233647,1356,BTC-USD,6
1775324144.27565,1357,BTC-USD,3
1775324144.325791,1358,BTC-USD,5
1775324144.378963,1359,BTC-USD,5
1775324144.418838,1360,BTC-USD,1
1775324145.187233,1361,BTC-USD,4
1775324145.187388,1362,BTC-USD,2
1775324145.187486,1363,BTC-USD,8
1775324145.187584,1364,BTC-USD,1
1775324145.187676,1365,BTC-USD,2
1775324145.187767,1366,BTC-USD,4
1775324145.18786,1367,BTC-USD,7
1775324145.187955,1368,BTC-USD,10
1775324145.189261,1369,BTC-USD,22
1775324145.1924338,1370,BTC-USD,2
1775324145.195651,1371,BTC-USD,9
1775324145.1958778,1372,BTC-USD,1
1775324145.196051,1373,BTC-USD,14
1775324145.197621,1374,BTC-USD,1
1775324145.215251,1375,BTC-USD,4
1775324145.259862,1376,BTC-USD,2
1775324145.310257,1377,BTC-USD,1
1775324145.363014,1378,BTC-USD,2
1775324145.413161,1379,BTC-USD,11
1775324145.5092502,1380,BTC-USD,2
1775324145.560338,1381,BTC-USD,2
1775324145.614332,1382,BTC-USD,3
1775324145.713758,1383,BTC-USD,5
1775324145.7595022,1384,BTC-USD,1
1775324145.868886,1385,BTC-USD,6
1775324145.9139469,1386,BTC-USD,4
1775324145.960541,1387,BTC-USD,1
1775324146.0136802,1388,BTC-USD,9
1775324146.059814,1389,BTC-USD,3
1775324146.113853,1390,BTC-USD,14
1775324146.163857,1391,BTC-USD,6
1775324146.2131991,1392,BTC-USD,1
1775324146.2633111,1393,BTC-USD,3
1775324146.315277,1394,BTC-USD,4
1775324146.3644512,1395,BTC-USD,2
1775324146.4157598,1396,BTC-USD,5
1775324146.464758,1397,BTC-USD,5
1775324146.509558,1398,BTC-USD,1
1775324146.564776,1399,BTC-USD,2
1775324146.6137128,1400,BTC-USD,2
1775324146.6650639,1401,BTC-USD,7
1775324146.714432,1402,BTC-USD,7
1775324146.763689,1403,BTC-USD,3
1775324146.813971,1404,BTC-USD,5
1775324146.8647559,1405,BTC-USD,7
1775324146.9128609,1406,BTC-USD,5
1775324146.963986,1407,BTC-USD,2
1775324147.011043,1408,BTC-USD,1
1775324147.065109,1409,BTC-USD,7
1775324147.114191,1410,BTC-USD,6
1775324147.1632771,1411,BTC-USD,9
1775324147.214108,1412,BTC-USD,5
1775324147.263071,1413,BTC-USD,3
1775324147.315347,1414,BTC-USD,6
1775324147.3626509,1415,BTC-USD,1
1775324147.411393,1416,BTC-USD,2
1775324147.4622998,1417,BTC-USD,1
1775324147.5145879,1418,BTC-USD,2
1775324147.56422,1419,BTC-USD,2
1775324147.611135,1420,BTC-USD,1
1775324147.663262,1421,BTC-USD,5
1775324147.714462,1422,BTC-USD,10
1775324147.763592,1423,BTC-USD,3
1775324147.813501,1424,BTC-USD,5
1775324147.86427,1425,BTC-USD,5
1775324147.914187,1426,BTC-USD,7
1775324147.964104,1427,BTC-USD,7
1775324148.011084,1428,BTC-USD,7
1775324148.060239,1429,BTC-USD,1
1775324148.862423,1430,BTC-USD,17
1775324148.8626711,1431,BTC-USD,15
1775324148.862795,1432,BTC-USD,1
1775324148.862902,1433,BTC-USD,8
1775324148.8630369,1434,BTC-USD,5
1775324148.863192,1435,BTC-USD,1
1775324148.863341,1436,BTC-USD,2
1775324148.863483,1437,BTC-USD,7
1775324148.86362,1438,BTC-USD,3
1775324148.863758,1439,BTC-USD,2
1775324148.863858,1440,BTC-USD,2
1775324148.86397,1441,BTC-USD,1
1775324148.864084,1442,BTC-USD,5
1775324148.864214,1443,BTC-USD,2
1775324148.864335,1444,BTC-USD,7
1775324148.8644638,1445,BTC-USD,3
1775324148.915603,1446,BTC-USD,6
1775324148.9641118,1447,BTC-USD,3
1775324149.010124,1448,BTC-USD,1
1775324149.0632708,1449,BTC-USD,1
1775324149.114313,1450,BTC-USD,15
1775324149.161484,1451,BTC-USD,5
1775324149.214428,1452,BTC-USD,4
1775324149.26542,1453,BTC-USD,10
1775324149.314369,1454,BTC-USD,10
1775324149.364434,1455,BTC-USD,10
1775324149.414599,1456,BTC-USD,6
1775324149.46285,1457,BTC-USD,3
1775324149.5137641,1458,BTC-USD,3
1775324150.3207738,1459,BTC-USD,5
1775324150.321013,1460,BTC-USD,2
1775324150.321113,1461,BTC-USD,5
1775324150.321229,1462,BTC-USD,1
1775324150.3213608,1463,BTC-USD,9
1775324150.321494,1464,BTC-USD,5
1775324150.3216178,1465,BTC-USD,4
1775324150.3217258,1466,BTC-USD,3
1775324150.321839,1467,BTC-USD,7
1775324150.321949,1468,BTC-USD,3
1775324150.322067,1469,BTC-USD,1
1775324150.322162,1470,BTC-USD,9
1775324150.322264,1471,BTC-USD,6
1775324150.322361,1472,BTC-USD,2
1775324150.322454,1473,BTC-USD,5
1775324150.322548,1474,BTC-USD,7
1775324150.365247,1475,BTC-USD,7
1775324150.4646358,1476,BTC-USD,6
1775324150.5119202,1477,BTC-USD,1
1775324150.562113,1478,BTC-USD,2
1775324150.6141849,1479,BTC-USD,10
1775324150.660245,1480,BTC-USD,2
1775324150.710343,1481,BTC-USD,2
1775324150.768713,1482,BTC-USD,6
1775324150.809524,1483,BTC-USD,1
1775324150.8659132,1484,BTC-USD,11
1775324150.914708,1485,BTC-USD,2
1775324150.964602,1486,BTC-USD,5
1775324151.0141618,1487,BTC-USD,9
1775324151.061465,1488,BTC-USD,3
1775324151.111203,1489,BTC-USD,8
1775324151.1653912,1490,BTC-USD,14
1775324151.236414,1491,BTC-USD,15
1775324151.265898,1492,BTC-USD,4
1775324151.315459,1493,BTC-USD,5
1775324151.364448,1494,BTC-USD,8
1775324151.411575,1495,BTC-USD,1
1775324151.462697,1496,BTC-USD,2
1775324151.514573,1497,BTC-USD,8
1775324151.567182,1498,BTC-USD,5
1775324151.617017,1499,BTC-USD,4
1775324151.665302,1500,BTC-USD,7
1775324151.714842,1501,BTC-USD,3
1775324151.763377,1502,BTC-USD,8
1775324151.864685,1503,BTC-USD,8
1775324151.909788,1504,BTC-USD,1
1775324151.962862,1505,BTC-USD,12
1775324152.6713312,1506,BTC-USD,1
1775324152.671603,1507,BTC-USD,1
1775324152.671714,1508,BTC-USD,5
1775324152.6718268,1509,BTC-USD,10
1775324152.671954,1510,BTC-USD,9
1775324152.672101,1511,BTC-USD,1
1775324152.6722171,1512,BTC-USD,5
1775324152.6723251,1513,BTC-USD,6
1775324152.672438,1514,BTC-USD,7
1775324152.672561,1515,BTC-USD,6
1775324152.672744,1516,BTC-USD,6
1775324152.67287,1517,BTC-USD,1
1775324152.714742,1518,BTC-USD,6
1775324152.765065,1519,BTC-USD,4
1775324152.813856,1520,BTC-USD,7
1775324152.86204,1521,BTC-USD,2
1775324152.9145348,1522,BTC-USD,2
1775324152.963707,1523,BTC-USD,2
1775324153.02404,1524,BTC-USD,5
1775324153.06025,1525,BTC-USD,1
1775324153.116214,1526,BTC-USD,12
1775324153.174324,1527,BTC-USD,5
1775324153.215015,1528,BTC-USD,5
1775324153.260442,1529,BTC-USD,3
1775324153.315576,1530,BTC-USD,6
1775324153.36448,1531,BTC-USD,4
1775324153.4095519,1532,BTC-USD,1
1775324153.4626539,1533,BTC-USD,1
1775324153.514624,1534,BTC-USD,4
1775324153.561725,1535,BTC-USD,3
1775324153.613794,1536,BTC-USD,2
1775324153.661359,1537,BTC-USD,1
1775324153.709843,1538,BTC-USD,2
1775324153.763828,1539,BTC-USD,9
1775324153.815277,1540,BTC-USD,10
1775324153.867815,1541,BTC-USD,20
1775324153.916554,1542,BTC-USD,21
1775324153.966186,1543,BTC-USD,41
1775324154.016531,1544,BTC-USD,20
1775324154.0644538,1545,BTC-USD,13
1775324154.114308,1546,BTC-USD,16
1775324154.164394,1547,BTC-USD,8
1775324154.216419,1548,BTC-USD,17
1775324154.264415,1549,BTC-USD,8
1775324154.315253,1550,BTC-USD,13
1775324154.367212,1551,BTC-USD,12
1775324154.414536,1552,BTC-USD,3
1775324154.46563,1553,BTC-USD,13
1775324154.519947,1554,BTC-USD,7
1775324154.565712,1555,BTC-USD,8
1775324154.6148071,1556,BTC-USD,3
1775324154.668328,1557,BTC-USD,53
1775324154.721898,1558,BTC-USD,107
1775324154.76503,1559,BTC-USD,42
1775324154.813935,1560,BTC-USD,14
1775324154.864125,1561,BTC-USD,28
1775324154.91783,1562,BTC-USD,20
1775324154.9641569,1563,BTC-USD,15
1775324155.016526,1564,BTC-USD,6
1775324155.061121,1565,BTC-USD,7
1775324155.1151948,1566,BTC-USD,10
1775324155.165005,1567,BTC-USD,10
1775324155.2159429,1568,BTC-USD,10
1775324155.264394,1569,BTC-USD,11
1775324155.313451,1570,BTC-USD,11
1775324155.3615732,1571,BTC-USD,1
1775324155.413537,1572,BTC-USD,5
1775324155.462677,1573,BTC-USD,1
1775324155.514643,1574,BTC-USD,13
1775324155.565693,1575,BTC-USD,7
1775324155.613732,1576,BTC-USD,2
1775324155.6627898,1577,BTC-USD,7
1775324155.713848,1578,BTC-USD,7
1775324155.7639492,1579,BTC-USD,13
1775324155.811914,1580,BTC-USD,1
1775324155.864983,1581,BTC-USD,14
1775324155.918028,1582,BTC-USD,30
1775324155.963404,1583,BTC-USD,6
1775324156.0142038,1584,BTC-USD,16
1775324156.0642838,1585,BTC-USD,11
1775324156.1149042,1586,BTC-USD,9
1775324156.165889,1587,BTC-USD,10
1775324156.216321,1588,BTC-USD,14
1775324156.264601,1589,BTC-USD,2
1775324156.314784,1590,BTC-USD,10
1775324156.363987,1591,BTC-USD,3
1775324156.414834,1592,BTC-USD,9
1775324156.4651608,1593,BTC-USD,14
1775324156.514498,1594,BTC-USD,5
1775324156.5707269,1595,BTC-USD,24
1775324156.621208,1596,BTC-USD,6
1775324157.374027,1597,BTC-USD,3
1775324157.993483,1598,BTC-USD,17
1775324157.9937449,1599,BTC-USD,5
1775324157.9938712,1600,BTC-USD,3
1775324157.993987,1601,BTC-USD,7
1775324157.994153,1602,BTC-USD,9
1775324157.9942772,1603,BTC-USD,6
1775324157.9943821,1604,BTC-USD,8
1775324157.994504,1605,BTC-USD,5
1775324157.994621,1606,BTC-USD,28
1775324157.995266,1607,BTC-USD,1
1775324158.0003042,1608,BTC-USD,4
1775324158.000509,1609,BTC-USD,9
1775324158.0006442,1610,BTC-USD,17
1775324158.000797,1611,BTC-USD,12
1775324158.001638,1612,BTC-USD,8
1775324158.003071,1613,BTC-USD,6
1775324158.003802,1614,BTC-USD,15
1775324158.0071301,1615,BTC-USD,9
1775324158.007912,1616,BTC-USD,29
1775324158.01272,1617,BTC-USD,12
1775324158.0128908,1618,BTC-USD,13
1775324158.014796,1619,BTC-USD,13
1775324158.022893,1620,BTC-USD,76
1775324158.025416,1621,BTC-USD,17
1775324158.0281348,1622,BTC-USD,21
1775324158.061426,1623,BTC-USD,1
1775324158.116287,1624,BTC-USD,17
1775324158.165247,1625,BTC-USD,10
1775324158.2167199,1626,BTC-USD,8
1775324158.2653801,1627,BTC-USD,17
1775324158.314872,1628,BTC-USD,34
1775324158.366364,1629,BTC-USD,22
1775324158.414654,1630,BTC-USD,9
1775324158.464648,1631,BTC-USD,7
1775324158.514704,1632,BTC-USD,9
1775324158.5636969,1633,BTC-USD,3
1775324158.6157272,1634,BTC-USD,2
1775324158.665673,1635,BTC-USD,23
1775324158.715629,1636,BTC-USD,18
1775324158.763912,1637,BTC-USD,4
1775324158.809823,1638,BTC-USD,6
1775324158.8650508,1639,BTC-USD,14
1775324158.9143639,1640,BTC-USD,11
1775324158.960319,1641,BTC-USD,4
1775324159.0105972,1642,BTC-USD,4
1775324159.0652301,1643,BTC-USD,15
1775324159.1135948,1644,BTC-USD,4
1775324159.1642828,1645,BTC-USD,6
1775324159.213988,1646,BTC-USD,4
1775324159.2644742,1647,BTC-USD,6
1775324159.3145301,1648,BTC-USD,13
1775324159.368432,1649,BTC-USD,1
1775324159.4155672,1650,BTC-USD,9
1775324159.465568,1651,BTC-USD,5
1775324159.5146859,1652,BTC-USD,2
1775324159.561686,1653,BTC-USD,2
1775324159.61476,1654,BTC-USD,12
1775324159.6637871,1655,BTC-USD,7
1775324159.714114,1656,BTC-USD,10
1775324159.7621021,1657,BTC-USD,3
1775324159.813858,1658,BTC-USD,6
1775324159.8648992,1659,BTC-USD,14
1775324159.914121,1660,BTC-USD,14
1775324159.984288,1661,BTC-USD,3
1775324160.015796,1662,BTC-USD,3
1775324160.062195,1663,BTC-USD,3
1775324160.114657,1664,BTC-USD,12
1775324160.166518,1665,BTC-USD,9
1775324160.2103722,1666,BTC-USD,1
1775324160.264496,1667,BTC-USD,4
1775324160.316122,1668,BTC-USD,17
1775324160.3634639,1669,BTC-USD,4
1775324160.4136891,1670,BTC-USD,14
1775324160.5146492,1671,BTC-USD,4
1775324160.5677571,1672,BTC-USD,9
1775324160.61478,1673,BTC-USD,6
1775324160.66588,1674,BTC-USD,6
1775324160.712863,1675,BTC-USD,2
1775324160.760919,1676,BTC-USD,1
1775324160.816946,1677,BTC-USD,3
1775324160.8609998,1678,BTC-USD,1
1775324160.913989,1679,BTC-USD,2
1775324160.966104,1680,BTC-USD,3
1775324161.065208,1681,BTC-USD,2
1775324161.115527,1682,BTC-USD,8
1775324161.16398,1683,BTC-USD,5
1775324161.214232,1684,BTC-USD,14
1775324161.265795,1685,BTC-USD,30
1775324161.3133051,1686,BTC-USD,4
1775324161.363837,1687,BTC-USD,4
1775324161.4143732,1688,BTC-USD,6
1775324161.460474,1689,BTC-USD,1
1775324161.513453,1690,BTC-USD,4
1775324161.564432,1691,BTC-USD,2
1775324161.616978,1692,BTC-USD,5
1775324161.660071,1693,BTC-USD,2
1775324161.715171,1694,BTC-USD,3
1775324161.765048,1695,BTC-USD,7
1775324161.815295,1696,BTC-USD,6
1775324161.9157581,1697,BTC-USD,10
1775324161.961656,1698,BTC-USD,4
1775324162.0614011,1699,BTC-USD,1
1775324162.1143942,1700,BTC-USD,21
1775324162.861504,1701,BTC-USD,4
1775324162.86189,1702,BTC-USD,5
1775324162.862001,1703,BTC-USD,3
1775324162.862211,1704,BTC-USD,8
1775324162.86239,1705,BTC-USD,2
1775324162.862538,1706,BTC-USD,9
1775324162.8626828,1707,BTC-USD,1
1775324162.8630779,1708,BTC-USD,2
1775324162.8632,1709,BTC-USD,4
1775324162.863313,1710,BTC-USD,7
1775324162.8634229,1711,BTC-USD,10
1775324162.863532,1712,BTC-USD,8
1775324162.863646,1713,BTC-USD,11
1775324162.863771,1714,BTC-USD,4
1775324162.915431,1715,BTC-USD,81
1775324162.96508,1716,BTC-USD,27
1775324163.018325,1717,BTC-USD,36
1775324163.064275,1718,BTC-USD,11
1775324163.8179,1719,BTC-USD,67
1775324163.821355,1720,BTC-USD,24
1775324163.8215559,1721,BTC-USD,43
1775324163.830003,1722,BTC-USD,26
1775324163.830213,1723,BTC-USD,30
1775324163.831437,1724,BTC-USD,12
1775324163.840944,1725,BTC-USD,5
1775324163.84179,1726,BTC-USD,19
1775324163.841942,1727,BTC-USD,9
1775324163.842051,1728,BTC-USD,20
1775324163.8421671,1729,BTC-USD,4
1775324163.844888,1730,BTC-USD,18
1775324163.8463008,1731,BTC-USD,7
1775324163.8479612,1732,BTC-USD,17
1775324163.848717,1733,BTC-USD,12
1775324163.867939,1734,BTC-USD,10
1775324163.9167428,1735,BTC-USD,24
1775324163.979989,1736,BTC-USD,7
1775324164.016916,1737,BTC-USD,21
1775324164.0651488,1738,BTC-USD,7
1775324164.115252,1739,BTC-USD,21
1775324164.164213,1740,BTC-USD,9
1775324164.214526,1741,BTC-USD,44
1775324164.264439,1742,BTC-USD,9
1775324164.3165598,1743,BTC-USD,24
1775324164.363518,1744,BTC-USD,3
1775324164.416585,1745,BTC-USD,30
1775324164.465607,1746,BTC-USD,18
1775324164.5146592,1747,BTC-USD,16
1775324164.5647502,1748,BTC-USD,12
1775324164.616531,1749,BTC-USD,8
1775324164.664893,1750,BTC-USD,14
1775324164.7144089,1751,BTC-USD,32
1775324164.766043,1752,BTC-USD,35
1775324164.81392,1753,BTC-USD,15
1775324164.865033,1754,BTC-USD,9
1775324164.919981,1755,BTC-USD,4
1775324164.966157,1756,BTC-USD,19
1775324165.016156,1757,BTC-USD,17
1775324165.065664,1758,BTC-USD,17
1775324165.1130428,1759,BTC-USD,8
1775324165.164382,1760,BTC-USD,20
1775324165.213352,1761,BTC-USD,2
1775324165.2669818,1762,BTC-USD,14
1775324165.313539,1763,BTC-USD,12
1775324165.3611479,1764,BTC-USD,1
1775324165.4146109,1765,BTC-USD,8
1775324165.4656599,1766,BTC-USD,15
1775324165.5156832,1767,BTC-USD,12
1775324165.5658429,1768,BTC-USD,6
1775324165.613806,1769,BTC-USD,3
1775324165.6608388,1770,BTC-USD,3
1775324165.7149708,1771,BTC-USD,14
1775324165.763895,1772,BTC-USD,6
1775324165.815983,1773,BTC-USD,15
1775324165.8599942,1774,BTC-USD,1
1775324165.9151208,1775,BTC-USD,14
1775324165.9666932,1776,BTC-USD,22
1775324166.022797,1777,BTC-USD,8
1775324166.064227,1778,BTC-USD,12
1775324166.116349,1779,BTC-USD,30
1775324166.164313,1780,BTC-USD,11
1775324166.214392,1781,BTC-USD,13
1775324166.264514,1782,BTC-USD,13
1775324166.31552,1783,BTC-USD,9
1775324166.364539,1784,BTC-USD,10
1775324166.415286,1785,BTC-USD,1
1775324166.465635,1786,BTC-USD,12
1775324166.514648,1787,BTC-USD,9
1775324166.564745,1788,BTC-USD,10
1775324166.715942,1789,BTC-USD,36
1775324166.765161,1790,BTC-USD,109
1775324166.8161201,1791,BTC-USD,32
1775324166.8641,1792,BTC-USD,30
1775324166.916178,1793,BTC-USD,18
1775324166.965108,1794,BTC-USD,14
1775324167.016053,1795,BTC-USD,16
1775324167.065272,1796,BTC-USD,8
1775324167.1173272,1797,BTC-USD,28
1775324167.1653068,1798,BTC-USD,8
1775324167.215382,1799,BTC-USD,15
1775324167.264451,1800,BTC-USD,6
1775324167.314441,1801,BTC-USD,15
1775324167.3654442,1802,BTC-USD,14
1775324167.414633,1803,BTC-USD,7
1775324167.464596,1804,BTC-USD,13
1775324167.522113,1805,BTC-USD,98
1775324167.5681028,1806,BTC-USD,48
1775324167.620415,1807,BTC-USD,57
1775324167.668111,1808,BTC-USD,58
1775324168.434643,1809,BTC-USD,23
1775324169.357646,1810,BTC-USD,7
1775324169.3579462,1811,BTC-USD,17
1775324169.358117,1812,BTC-USD,70
1775324169.3583202,1813,BTC-USD,15
1775324169.358458,1814,BTC-USD,12
1775324169.358589,1815,BTC-USD,45
1775324169.358762,1816,BTC-USD,33
1775324169.358915,1817,BTC-USD,6
1775324169.359037,1818,BTC-USD,20
1775324169.3591812,1819,BTC-USD,6
1775324169.359295,1820,BTC-USD,12
1775324169.359415,1821,BTC-USD,7
1775324169.3595278,1822,BTC-USD,16
1775324169.359663,1823,BTC-USD,14
1775324169.359781,1824,BTC-USD,5
1775324169.3599072,1825,BTC-USD,3
1775324169.3600261,1826,BTC-USD,21
1775324169.360149,1827,BTC-USD,18
1775324169.360259,1828,BTC-USD,10
1775324169.3603652,1829,BTC-USD,16
1775324169.3604941,1830,BTC-USD,15
1775324169.360629,1831,BTC-USD,47
1775324169.360787,1832,BTC-USD,29
1775324169.360918,1833,BTC-USD,19
1775324169.361046,1834,BTC-USD,18
1775324169.3611882,1835,BTC-USD,21
1775324169.361315,1836,BTC-USD,8
1775324169.361462,1837,BTC-USD,27
1775324169.361581,1838,BTC-USD,35
1775324169.3617148,1839,BTC-USD,17
1775324169.36184,1840,BTC-USD,15
1775324169.3619552,1841,BTC-USD,11
1775324169.363965,1842,BTC-USD,13
1775324169.415631,1843,BTC-USD,15
1775324169.4619808,1844,BTC-USD,1
1775324169.514763,1845,BTC-USD,7
1775324169.566356,1846,BTC-USD,7
1775324169.61375,1847,BTC-USD,4
1775324169.6611671,1848,BTC-USD,4
1775324170.4834712,1849,BTC-USD,13
1775324170.483745,1850,BTC-USD,8
1775324170.4838579,1851,BTC-USD,6
1775324170.483957,1852,BTC-USD,3
1775324170.4840698,1853,BTC-USD,2
1775324170.484181,1854,BTC-USD,14
1775324170.484295,1855,BTC-USD,8
1775324170.484401,1856,BTC-USD,6
1775324170.484499,1857,BTC-USD,12
1775324170.4846022,1858,BTC-USD,10
1775324170.484705,1859,BTC-USD,7
1775324170.484803,1860,BTC-USD,5
1775324170.484902,1861,BTC-USD,5
1775324170.4850008,1862,BTC-USD,19
1775324170.48511,1863,BTC-USD,8
1775324170.485211,1864,BTC-USD,2
1775324170.5149481,1865,BTC-USD,9
1775324170.566439,1866,BTC-USD,10
1775324170.620519,1867,BTC-USD,10
1775324170.663798,1868,BTC-USD,11
1775324170.724652,1869,BTC-USD,4
1775324170.7644138,1870,BTC-USD,15
1775324170.8164952,1871,BTC-USD,6
1775324170.8648162,1872,BTC-USD,4
1775324170.915295,1873,BTC-USD,11
1775324170.96512,1874,BTC-USD,6
1775324171.01513,1875,BTC-USD,20
1775324171.065171,1876,BTC-USD,7
1775324171.116805,1877,BTC-USD,23
1775324171.164313,1878,BTC-USD,4
1775324171.264368,1879,BTC-USD,5
1775324171.3213649,1880,BTC-USD,6
1775324171.3809469,1881,BTC-USD,20
1775324171.42834,1882,BTC-USD,14
1775324171.465615,1883,BTC-USD,2
1775324171.524687,1884,BTC-USD,11
1775324171.576732,1885,BTC-USD,8
1775324171.618749,1886,BTC-USD,8
1775324171.6666849,1887,BTC-USD,7
1775324171.7146938,1888,BTC-USD,8
1775324171.763917,1889,BTC-USD,5
1775324171.811578,1890,BTC-USD,2
1775324171.863956,1891,BTC-USD,6
1775324171.914464,1892,BTC-USD,8
1775324171.9651258,1893,BTC-USD,2
1775324172.018424,1894,BTC-USD,4
1775324172.0662851,1895,BTC-USD,11
1775324172.120942,1896,BTC-USD,51
1775324172.165361,1897,BTC-USD,22
1775324172.212333,1898,BTC-USD,3
1775324172.263338,1899,BTC-USD,18
1775324172.315489,1900,BTC-USD,33
1775324172.363507,1901,BTC-USD,12
1775324172.414525,1902,BTC-USD,14
1775324172.462569,1903,BTC-USD,3
1775324172.5156229,1904,BTC-USD,18
1775324172.5655758,1905,BTC-USD,9
1775324172.619872,1906,BTC-USD,152
1775324172.664032,1907,BTC-USD,33
1775324172.715961,1908,BTC-USD,27
1775324172.7659562,1909,BTC-USD,51
1775324172.814919,1910,BTC-USD,44
1775324172.871989,1911,BTC-USD,117
1775324172.916765,1912,BTC-USD,18
1775324172.968053,1913,BTC-USD,48
1775324173.015357,1914,BTC-USD,13
1775324173.0673769,1915,BTC-USD,26
1775324173.115145,1916,BTC-USD,15
1775324173.170113,1917,BTC-USD,10
1775324173.216365,1918,BTC-USD,13
1775324173.2668061,1919,BTC-USD,4
1775324173.316457,1920,BTC-USD,14
1775324173.3644822,1921,BTC-USD,10
1775324173.412457,1922,BTC-USD,6
1775324173.4655628,1923,BTC-USD,9
1775324173.5157871,1924,BTC-USD,27
1775324173.566049,1925,BTC-USD,25
1775324173.615556,1926,BTC-USD,31
1775324173.6635299,1927,BTC-USD,11
1775324173.714925,1928,BTC-USD,26
1775324173.760913,1929,BTC-USD,2
1775324173.815318,1930,BTC-USD,13
1775324173.869075,1931,BTC-USD,13
1775324173.915246,1932,BTC-USD,52
1775324173.965427,1933,BTC-USD,5
1775324174.01453,1934,BTC-USD,11
1775324174.066453,1935,BTC-USD,6
1775324174.117413,1936,BTC-USD,21
1775324174.175167,1937,BTC-USD,94
1775324174.2227972,1938,BTC-USD,144
1775324174.271028,1939,BTC-USD,74
1775324174.315681,1940,BTC-USD,54
1775324174.367795,1941,BTC-USD,85
1775324174.4177349,1942,BTC-USD,40
1775324174.4649029,1943,BTC-USD,41
1775324174.516313,1944,BTC-USD,23
1775324174.568375,1945,BTC-USD,22
1775324174.619618,1946,BTC-USD,32
1775324174.671223,1947,BTC-USD,37
1775324174.715452,1948,BTC-USD,10
1775324174.765093,1949,BTC-USD,15
1775324174.8131578,1950,BTC-USD,2
1775324174.8681622,1951,BTC-USD,44
1775324174.91747,1952,BTC-USD,42
1775324174.966353,1953,BTC-USD,30
1775324175.01822,1954,BTC-USD,23
1775324175.06622,1955,BTC-USD,14
1775324175.117441,1956,BTC-USD,37
1775324175.1668968,1957,BTC-USD,27
1775324175.2149792,1958,BTC-USD,14
1775324175.265733,1959,BTC-USD,17
1775324175.315636,1960,BTC-USD,18
1775324175.367104,1961,BTC-USD,7
1775324175.4141078,1962,BTC-USD,15
1775324175.464821,1963,BTC-USD,4
1775324175.516147,1964,BTC-USD,17
1775324175.5668411,1965,BTC-USD,41
1775324175.615947,1966,BTC-USD,12
1775324175.6639931,1967,BTC-USD,8
1775324175.714253,1968,BTC-USD,6
1775324175.761253,1969,BTC-USD,2
1775324175.817307,1970,BTC-USD,14
1775324175.864177,1971,BTC-USD,7
1775324175.918435,1972,BTC-USD,21
1775324175.964998,1973,BTC-USD,6
1775324176.013572,1974,BTC-USD,2
1775324176.066182,1975,BTC-USD,9
1775324176.120269,1976,BTC-USD,8
1775324176.164777,1977,BTC-USD,16
1775324176.21889,1978,BTC-USD,11
1775324176.265653,1979,BTC-USD,10
1775324176.3165922,1980,BTC-USD,17
1775324176.36465,1981,BTC-USD,4
1775324176.4146209,1982,BTC-USD,18
1775324176.464693,1983,BTC-USD,9
1775324176.514924,1984,BTC-USD,4
1775324176.5649621,1985,BTC-USD,5
1775324176.612926,1986,BTC-USD,2
1775324176.6667929,1987,BTC-USD,14
1775324176.715151,1988,BTC-USD,9
1775324176.76628,1989,BTC-USD,4
1775324176.815209,1990,BTC-USD,5
1775324176.86636,1991,BTC-USD,10
1775324176.914399,1992,BTC-USD,8
1775324176.965322,1993,BTC-USD,6
1775324177.015418,1994,BTC-USD,8
1775324177.061425,1995,BTC-USD,2
1775324177.114591,1996,BTC-USD,12
1775324177.1655838,1997,BTC-USD,15
1775324177.215004,1998,BTC-USD,5
1775324177.2646642,1999,BTC-USD,2
1775324177.315167,2000,BTC-USD,12
1775324177.3607612,2001,BTC-USD,2
1775324177.411364,2002,BTC-USD,5
1775324178.165264,2003,BTC-USD,3
1775324178.1656299,2004,BTC-USD,9
1775324178.165836,2005,BTC-USD,6
1775324178.166018,2006,BTC-USD,5
1775324178.166232,2007,BTC-USD,3
1775324178.1664362,2008,BTC-USD,24
1775324178.166665,2009,BTC-USD,9
1775324178.166856,2010,BTC-USD,2
1775324178.1670241,2011,BTC-USD,5
1775324178.167199,2012,BTC-USD,6
1775324178.1673338,2013,BTC-USD,1
1775324178.167485,2014,BTC-USD,8
1775324178.167637,2015,BTC-USD,6
1775324178.1677802,2016,BTC-USD,6
1775324178.1679208,2017,BTC-USD,9
1775324178.222591,2018,BTC-USD,9
1775324178.2635489,2019,BTC-USD,14
1775324178.320619,2020,BTC-USD,15
1775324178.369108,2021,BTC-USD,48
1775324178.418992,2022,BTC-USD,42
1775324178.4657001,2023,BTC-USD,37
1775324178.517112,2024,BTC-USD,19
1775324178.570668,2025,BTC-USD,38
1775324178.61704,2026,BTC-USD,21
1775324178.664085,2027,BTC-USD,10
1775324178.7151208,2028,BTC-USD,14
1775324178.764138,2029,BTC-USD,13
1775324178.866395,2030,BTC-USD,3
1775324178.915306,2031,BTC-USD,5
1775324178.965425,2032,BTC-USD,19
1775324179.014673,2033,BTC-USD,26
1775324179.0654662,2034,BTC-USD,9
1775324179.116578,2035,BTC-USD,30
1775324179.165739,2036,BTC-USD,10
1775324179.2171872,2037,BTC-USD,8
1775324179.264641,2038,BTC-USD,12
1775324179.311624,2039,BTC-USD,1
1775324179.367765,2040,BTC-USD,6
1775324179.415683,2041,BTC-USD,20
1775324179.464706,2042,BTC-USD,14
1775324179.5149188,2043,BTC-USD,9
1775324179.566538,2044,BTC-USD,12
1775324179.6155672,2045,BTC-USD,8
1775324180.414829,2046,BTC-USD,7
1775324181.132465,2047,BTC-USD,3
1775324181.850375,2048,BTC-USD,7
1775324181.850632,2049,BTC-USD,9
1775324181.850763,2050,BTC-USD,3
1775324181.850892,2051,BTC-USD,8
1775324181.851017,2052,BTC-USD,2
1775324181.851125,2053,BTC-USD,20
1775324181.851244,2054,BTC-USD,9
1775324181.851361,2055,BTC-USD,5
1775324181.851459,2056,BTC-USD,1
1775324181.851555,2057,BTC-USD,3
1775324181.851648,2058,BTC-USD,13
1775324181.851768,2059,BTC-USD,8
1775324181.851868,2060,BTC-USD,9
1775324181.8519711,2061,BTC-USD,3
1775324181.8520682,2062,BTC-USD,6
1775324181.852166,2063,BTC-USD,4
1775324181.852274,2064,BTC-USD,6
1775324181.85237,2065,BTC-USD,5
1775324181.852467,2066,BTC-USD,14
1775324181.852572,2067,BTC-USD,15
1775324181.852679,2068,BTC-USD,2
1775324181.852776,2069,BTC-USD,6
1775324181.852872,2070,BTC-USD,1
1775324181.852984,2071,BTC-USD,20
1775324181.85311,2072,BTC-USD,17
1775324181.85323,2073,BTC-USD,4
1775324181.85333,2074,BTC-USD,3
1775324181.853426,2075,BTC-USD,3
1775324181.85352,2076,BTC-USD,6
1775324181.853618,2077,BTC-USD,8
1775324181.853718,2078,BTC-USD,15
1775324181.853825,2079,BTC-USD,11
1775324181.8539279,2080,BTC-USD,12
1775324181.854083,2081,BTC-USD,10
1775324181.854191,2082,BTC-USD,8
1775324181.854291,2083,BTC-USD,15
1775324181.8543959,2084,BTC-USD,11
1775324181.854499,2085,BTC-USD,9
1775324181.8648698,2086,BTC-USD,8
1775324181.9140851,2087,BTC-USD,7
1775324181.9642189,2088,BTC-USD,9
1775324182.0141408,2089,BTC-USD,9
1775324182.114246,2090,BTC-USD,5
1775324182.164271,2091,BTC-USD,8
1775324182.266368,2092,BTC-USD,6
1775324182.312387,2093,BTC-USD,1
1775324182.364912,2094,BTC-USD,12
1775324183.180701,2095,BTC-USD,10
1775324183.796557,2096,BTC-USD,12
1775324184.512832,2097,BTC-USD,7
1775324184.51313,2098,BTC-USD,4
1775324184.513265,2099,BTC-USD,3
1775324184.5133681,2100,BTC-USD,4
1775324184.513487,2101,BTC-USD,7
1775324184.51369,2102,BTC-USD,7
1775324184.513818,2103,BTC-USD,1
1775324184.513927,2104,BTC-USD,5
1775324184.514053,2105,BTC-USD,4
1775324184.514177,2106,BTC-USD,9
1775324184.515885,2107,BTC-USD,7
1775324184.516053,2108,BTC-USD,2
1775324184.51629,2109,BTC-USD,8
1775324184.5164359,2110,BTC-USD,6
1775324184.516549,2111,BTC-USD,8
1775324184.517231,2112,BTC-USD,7
1775324184.519537,2113,BTC-USD,5
1775324184.5213509,2114,BTC-USD,14
1775324184.5215108,2115,BTC-USD,6
1775324184.52487,2116,BTC-USD,1
1775324184.5263622,2117,BTC-USD,9
1775324184.5265,2118,BTC-USD,1
1775324184.526773,2119,BTC-USD,2
1775324184.526874,2120,BTC-USD,3
1775324184.5288389,2121,BTC-USD,1
1775324184.5293381,2122,BTC-USD,4
1775324184.5315158,2123,BTC-USD,1
1775324184.532249,2124,BTC-USD,2
1775324184.533945,2125,BTC-USD,3
1775324184.539524,2126,BTC-USD,30
1775324184.539765,2127,BTC-USD,3
1775324184.540852,2128,BTC-USD,12
1775324184.5425248,2129,BTC-USD,8
1775324184.542696,2130,BTC-USD,4
1775324184.5443058,2131,BTC-USD,7
1775324184.5449631,2132,BTC-USD,7
1775324184.547476,2133,BTC-USD,7
1775324184.551601,2134,BTC-USD,19
1775324184.551866,2135,BTC-USD,4
1775324184.5534022,2136,BTC-USD,13
1775324184.5644228,2137,BTC-USD,12
1775324184.614954,2138,BTC-USD,14
1775324184.664839,2139,BTC-USD,12
1775324184.715124,2140,BTC-USD,14
1775324184.762764,2141,BTC-USD,5
1775324184.810983,2142,BTC-USD,2
1775324184.8638809,2143,BTC-USD,14
1775324184.9140348,2144,BTC-USD,5
1775324184.964125,2145,BTC-USD,2
1775324185.016097,2146,BTC-USD,19
1775324185.060574,2147,BTC-USD,6
1775324185.115218,2148,BTC-USD,11
1775324185.1642811,2149,BTC-USD,3
1775324185.215408,2150,BTC-USD,5
1775324185.265559,2151,BTC-USD,5
1775324185.3144588,2152,BTC-USD,13
1775324185.3645802,2153,BTC-USD,2
1775324185.418488,2154,BTC-USD,28
1775324185.465641,2155,BTC-USD,14
1775324185.5148108,2156,BTC-USD,9
1775324185.56379,2157,BTC-USD,4
1775324185.6108139,2158,BTC-USD,1
1775324185.661797,2159,BTC-USD,1
1775324185.7133398,2160,BTC-USD,4
1775324185.765336,2161,BTC-USD,3
1775324185.8156219,2162,BTC-USD,2
1775324185.911086,2163,BTC-USD,1
1775324185.9667032,2164,BTC-USD,16
1775324186.0168,2165,BTC-USD,6
1775324186.061771,2166,BTC-USD,1
1775324186.115226,2167,BTC-USD,8
1775324186.165226,2168,BTC-USD,4
1775324186.215036,2169,BTC-USD,5
1775324186.264489,2170,BTC-USD,10
1775324186.315542,2171,BTC-USD,6
1775324186.3606322,2172,BTC-USD,1
1775324186.413653,2173,BTC-USD,7
1775324186.464823,2174,BTC-USD,3
1775324186.514745,2175,BTC-USD,10
1775324186.564808,2176,BTC-USD,6
1775324186.614975,2177,BTC-USD,7
1775324186.714197,2178,BTC-USD,17
1775324186.766169,2179,BTC-USD,49
1775324187.690635,2180,BTC-USD,14
1775324187.691117,2181,BTC-USD,5
1775324187.6913369,2182,BTC-USD,14
1775324187.691585,2183,BTC-USD,8
1775324188.40547,2184,BTC-USD,5
1775324188.4057338,2185,BTC-USD,1
1775324188.405834,2186,BTC-USD,17
1775324188.406036,2187,BTC-USD,16
1775324188.406214,2188,BTC-USD,24
1775324188.406377,2189,BTC-USD,14
1775324188.406521,2190,BTC-USD,10
1775324188.406635,2191,BTC-USD,8
1775324188.4067378,2192,BTC-USD,4
1775324188.406836,2193,BTC-USD,3
1775324188.40693,2194,BTC-USD,3
1775324188.4070249,2195,BTC-USD,7
1775324188.407177,2196,BTC-USD,27
1775324188.407318,2197,BTC-USD,21
1775324188.4074528,2198,BTC-USD,8
1775324188.407574,2199,BTC-USD,30
1775324188.4078321,2200,BTC-USD,12
1775324188.4080582,2201,BTC-USD,4
1775324188.408414,2202,BTC-USD,7
1775324188.408581,2203,BTC-USD,1
1775324188.408692,2204,BTC-USD,5
1775324188.408831,2205,BTC-USD,10
1775324188.40894,2206,BTC-USD,3
1775324188.409138,2207,BTC-USD,8
1775324188.4093041,2208,BTC-USD,5
1775324188.409419,2209,BTC-USD,1
1775324188.4095209,2210,BTC-USD,8
1775324188.4096372,2211,BTC-USD,7
1775324188.418252,2212,BTC-USD,1
1775324188.464521,2213,BTC-USD,3
1775324188.514623,2214,BTC-USD,8
1775324188.563704,2215,BTC-USD,6
1775324188.614976,2216,BTC-USD,3
1775324188.66395,2217,BTC-USD,4
1775324188.711932,2218,BTC-USD,1
1775324188.766902,2219,BTC-USD,21
1775324188.830015,2220,BTC-USD,20
1775324188.864974,2221,BTC-USD,10
1775324188.9141278,2222,BTC-USD,7
1775324188.965486,2223,BTC-USD,6
1775324189.018751,2224,BTC-USD,6
1775324189.065962,2225,BTC-USD,9
1775324189.115134,2226,BTC-USD,16
1775324189.166434,2227,BTC-USD,11
1775324189.214418,2228,BTC-USD,15
1775324189.9415228,2229,BTC-USD,9
1775324189.941807,2230,BTC-USD,2
1775324189.9419131,2231,BTC-USD,4
1775324189.9420228,2232,BTC-USD,5
1775324189.942127,2233,BTC-USD,28
1775324189.942261,2234,BTC-USD,25
1775324190.658837,2235,BTC-USD,21
1775324190.659178,2236,BTC-USD,18
1775324190.659303,2237,BTC-USD,21
1775324190.659421,2238,BTC-USD,50
1775324190.659581,2239,BTC-USD,7
1775324190.659719,2240,BTC-USD,9
1775324190.659863,2241,BTC-USD,10
1775324190.660001,2242,BTC-USD,2
1775324190.6601448,2243,BTC-USD,8
1775324190.660258,2244,BTC-USD,3
1775324190.660355,2245,BTC-USD,2
1775324190.6604512,2246,BTC-USD,5
1775324190.660546,2247,BTC-USD,9
1775324190.660646,2248,BTC-USD,31
1775324190.660769,2249,BTC-USD,15
1775324190.660875,2250,BTC-USD,5
1775324190.6610508,2251,BTC-USD,15
1775324190.661189,2252,BTC-USD,7
1775324190.6612911,2253,BTC-USD,4
1775324190.661393,2254,BTC-USD,13
1775324190.6615229,2255,BTC-USD,16
1775324190.664416,2256,BTC-USD,12
1775324190.715122,2257,BTC-USD,11
1775324190.765909,2258,BTC-USD,5
1775324190.813013,2259,BTC-USD,5
1775324190.86398,2260,BTC-USD,9
1775324190.914808,2261,BTC-USD,7
1775324190.964701,2262,BTC-USD,5
1775324191.014217,2263,BTC-USD,7
1775324191.0647948,2264,BTC-USD,2
1775324191.115239,2265,BTC-USD,10
1775324191.165707,2266,BTC-USD,6
1775324191.2143779,2267,BTC-USD,6
1775324191.26815,2268,BTC-USD,11
1775324191.314527,2269,BTC-USD,7
1775324191.3656352,2270,BTC-USD,6
1775324191.414701,2271,BTC-USD,6
1775324191.464679,2272,BTC-USD,4
1775324191.5166469,2273,BTC-USD,7
1775324191.561772,2274,BTC-USD,1
1775324191.61483,2275,BTC-USD,4
1775324191.6639428,2276,BTC-USD,2
1775324191.716674,2277,BTC-USD,3
1775324191.766003,2278,BTC-USD,3
1775324191.8160079,2279,BTC-USD,5
1775324191.864662,2280,BTC-USD,5
1775324191.911073,2281,BTC-USD,3
1775324191.964185,2282,BTC-USD,12
1775324192.01311,2283,BTC-USD,6
1775324192.062204,2284,BTC-USD,1
1775324192.116617,2285,BTC-USD,17
1775324192.164649,2286,BTC-USD,8
1775324192.21338,2287,BTC-USD,13
1775324192.265504,2288,BTC-USD,8
1775324192.317832,2289,BTC-USD,76
1775324192.3655412,2290,BTC-USD,29
1775324192.41457,2291,BTC-USD,17
1775324192.465725,2292,BTC-USD,14
1775324192.516725,2293,BTC-USD,15
1775324192.564671,2294,BTC-USD,7
1775324192.616826,2295,BTC-USD,19
1775324192.665901,2296,BTC-USD,7
1775324192.714762,2297,BTC-USD,8
1775324192.7659829,2298,BTC-USD,10
1775324192.816227,2299,BTC-USD,8
1775324192.861289,2300,BTC-USD,4
1775324192.914386,2301,BTC-USD,10
1775324192.964651,2302,BTC-USD,8
1775324193.012715,2303,BTC-USD,5
1775324193.0621781,2304,BTC-USD,4
1775324193.1150348,2305,BTC-USD,8
1775324193.1663082,2306,BTC-USD,4
1775324193.213883,2307,BTC-USD,6
1775324193.264436,2308,BTC-USD,5
1775324193.3174112,2309,BTC-USD,5
1775324193.366583,2310,BTC-USD,6
1775324193.412226,2311,BTC-USD,6
